ID,Nombre,Género,Edad,Tiempo (min),Fecha de inscripción
1,Elena Ramírez,F,45,19.97,2025-04-17
2,Miguel Ramírez,M,26,16.33,2025-04-02
3,Jorge Sánchez,M,39,20.53,2025-03-12
4,Juan Torres,M,51,23.5,2025-03-26
5,Jorge Ramírez,M,39,17.31,2025-04-03
6,Sofía García,F,18,24.31,2025-04-04
7,Luis Martínez,M,52,13.74,2025-03-14
8,Pedro Torres,M,23,19.6,2025-03-24
9,Ana Cruz,F,40,16.28,2025-03-23
10,Ana García,F,39,18.23,2025-04-03
11,Elena Torres,F,19,21.62,2025-04-26
12,Diego Hernández,M,53,19.14,2025-05-03
13,Laura Ramírez,F,53,16.49,2025-04-02
14,Clara González,F,50,15.68,2025-04-03
15,Diego Cruz,M,57,17.2,2025-04-07
16,Carlos Sánchez,M,22,18.44,2025-03-16
17,Ana García,F,55,18.06,2025-04-03
18,Pedro Sánchez,M,39,16.92,2025-04-07
19,Luis Torres,M,56,17.89,2025-04-04
20,Carmen López,F,37,17.51,2025-05-01
21,Laura López,F,46,12.71,2025-04-02
22,Manuel López,M,24,16.18,2025-03-30
23,Lucía Hernández,F,25,16.39,2025-03-13
24,Ana González,F,56,16.3,2025-04-20
25,Luis Cruz,M,45,14.81,2025-03-17
26,Sofía García,F,52,16.47,2025-05-08
27,Jorge Pérez,M,34,17.73,2025-03-24
28,Carmen Cruz,F,22,21.88,2025-04-19
29,Andrés Pérez,M,25,19.33,2025-03-12
30,María González,F,38,13.57,2025-04-15
31,Isabel López,F,58,15.66,2025-04-11
32,Ricardo Cruz,M,37,12.32,2025-04-18
33,Laura García,F,23,12.85,2025-05-08
34,María Cruz,F,21,18.25,2025-03-20
35,Miguel Hernández,M,47,17.23,2025-04-23
36,Elena Sánchez,F,53,21.76,2025-03-24
37,Andrés Sánchez,M,44,12.23,2025-05-09
38,Lucía García,F,22,18.21,2025-04-02
39,Ana Martínez,F,29,14.64,2025-05-09
40,Andrés Ramírez,M,25,17.95,2025-03-19
41,Clara Pérez,F,58,13.34,2025-03-20
42,Manuel Pérez,M,44,22.36,2025-05-03
43,Clara Cruz,F,27,23.97,2025-04-25
44,Manuel Cruz,M,34,20.32,2025-04-11
45,Miguel González,M,18,17.59,2025-05-04
46,Lucía Cruz,F,31,12.4,2025-04-20
47,Isabel Hernández,F,29,23.32,2025-03-26
48,Jorge González,M,40,13.99,2025-05-05
49,Sofía García,F,29,19.82,2025-03-27
50,Elena López,F,25,17.43,2025-05-07
51,Sofía Hernández,F,48,18.73,2025-04-28
52,Elena Pérez,F,47,14.44,2025-04-12
53,María Torres,F,32,20.99,2025-04-03
54,Sofía Torres,F,43,13.29,2025-04-20
55,Paula Hernández,F,19,14.72,2025-04-29
56,Andrés Pérez,M,25,12.46,2025-04-21
57,Jorge González,M,23,23.93,2025-05-08
58,Luis Martínez,M,22,24.38,2025-03-31
59,Jorge Cruz,M,57,17.94,2025-04-03
60,Elena Ramírez,F,26,19.41,2025-04-04
61,Laura Cruz,F,35,20.61,2025-05-09
62,Lucía Sánchez,F,54,17.54,2025-03-12
63,Carmen Sánchez,F,19,18.41,2025-04-02
64,Lucía Martínez,F,48,18.68,2025-05-05
65,Elena Ramírez,F,45,23.5,2025-05-11
66,Elena Pérez,F,37,16.22,2025-03-21
67,Manuel Sánchez,M,40,14.84,2025-03-19
68,Pedro Cruz,M,32,14.46,2025-03-28
69,Luis López,M,27,21.64,2025-03-17
70,Ricardo Martínez,M,36,17.67,2025-04-13
71,Clara Cruz,F,32,22.26,2025-03-22
72,Carmen Cruz,F,18,21.54,2025-03-13
73,Lucía García,F,20,20.25,2025-03-28
74,Paula Ramírez,F,32,24.8,2025-04-21
75,Ricardo Torres,M,19,13.37,2025-05-08
76,Miguel Hernández,M,25,22.45,2025-03-27
77,Ricardo González,M,28,17.75,2025-05-06
78,Juan Torres,M,19,16.49,2025-03-18
79,Diego Torres,M,28,22.66,2025-03-19
80,Manuel González,M,37,16.2,2025-04-25
81,Isabel Sánchez,F,24,15.8,2025-04-29
82,Juan Hernández,M,28,23.15,2025-03-16
83,Carlos López,M,49,13.18,2025-04-12
84,Laura Pérez,F,36,19.84,2025-04-05
85,Miguel Pérez,M,36,23.76,2025-03-16
86,María Hernández,F,26,17.59,2025-03-13
87,Carmen García,F,28,24.04,2025-03-25
88,Carmen Torres,F,44,18.95,2025-04-01
89,Pedro Ramírez,M,56,21.36,2025-04-02
90,Manuel Hernández,M,19,13.13,2025-04-18
91,Paula García,F,58,16.6,2025-04-04
92,Sofía López,F,30,23.1,2025-04-19
93,María Cruz,F,35,20.77,2025-04-30
94,Ricardo Martínez,M,18,13.35,2025-04-30
95,Manuel Martínez,M,29,18.17,2025-03-19
96,Isabel Ramírez,F,40,23.96,2025-04-30
97,Lucía García,F,51,23.71,2025-04-26
98,Clara López,F,27,21.06,2025-04-01
99,Lucía Torres,F,36,19.64,2025-04-12
100,Sofía Pérez,F,37,23.46,2025-04-25
101,Andrés Hernández,M,44,14.18,2025-05-04
102,Luis Martínez,M,57,15.73,2025-04-09
103,Ana González,F,38,18.37,2025-03-24
104,Jorge Torres,M,29,24.94,2025-03-12
105,Andrés Cruz,M,34,20.45,2025-05-06
106,Laura Sánchez,F,38,12.08,2025-04-10
107,Juan González,M,33,22.92,2025-03-15
108,Diego Hernández,M,26,24.63,2025-04-19
109,Manuel García,M,33,14.59,2025-05-11
110,Pedro López,M,45,17.12,2025-05-09
111,Paula Cruz,F,49,17.34,2025-04-01
112,Pedro Ramírez,M,34,12.07,2025-03-23
113,Laura Hernández,F,30,13.28,2025-04-22
114,Diego López,M,21,14.68,2025-04-18
115,Paula López,F,25,23.3,2025-04-14
116,Lucía García,F,35,13.32,2025-04-17
117,Luis Cruz,M,35,20.48,2025-04-02
118,Isabel Cruz,F,54,23.2,2025-03-21
119,Andrés Pérez,M,27,15.19,2025-03-26
120,Elena Sánchez,F,25,21.22,2025-04-13
121,Juan Pérez,M,46,21.95,2025-04-02
122,Isabel Torres,F,32,15.74,2025-03-24
123,Clara Torres,F,24,22.69,2025-03-29
124,Carlos Ramírez,M,36,18.13,2025-04-30
125,Carmen García,F,30,12.02,2025-04-05
126,Pedro Torres,M,32,18.42,2025-03-18
127,Laura Cruz,F,36,17.76,2025-05-07
128,Jorge Torres,M,47,24.33,2025-04-14
129,Luis García,M,57,21.9,2025-04-22
130,Diego Martínez,M,53,21.26,2025-03-31
131,Miguel García,M,42,22.0,2025-04-11
132,María Torres,F,44,22.85,2025-05-03
133,Carmen González,F,24,15.79,2025-04-14
134,Paula Sánchez,F,29,12.28,2025-03-28
135,Luis González,M,43,16.6,2025-03-12
136,Miguel Torres,M,23,12.95,2025-03-22
137,Ricardo González,M,56,24.53,2025-05-01
138,Andrés Pérez,M,53,20.0,2025-04-25
139,Sofía López,F,49,23.88,2025-05-08
140,Miguel García,M,31,16.54,2025-03-24
141,Ricardo Ramírez,M,45,19.26,2025-03-24
142,Elena Sánchez,F,35,12.37,2025-03-20
143,Lucía García,F,45,14.17,2025-03-17
144,Elena García,F,39,19.21,2025-04-05
145,María Martínez,F,41,21.48,2025-03-16
146,Laura Hernández,F,36,15.15,2025-03-25
147,Luis Martínez,M,47,23.97,2025-04-02
148,Miguel Torres,M,53,15.51,2025-03-23
149,Juan López,M,45,21.9,2025-04-19
150,Diego Cruz,M,21,23.23,2025-03-20
151,Carmen Pérez,F,50,17.7,2025-04-06
152,Pedro Ramírez,M,29,22.92,2025-03-20
153,Clara Pérez,F,29,19.67,2025-04-04
154,Laura Pérez,F,34,22.11,2025-03-26
155,Luis Hernández,M,32,21.07,2025-04-14
156,Manuel López,M,49,15.9,2025-04-24
157,Elena González,F,31,20.7,2025-04-20
158,Luis López,M,35,15.33,2025-03-12
159,Andrés Hernández,M,50,12.59,2025-05-04
160,Jorge López,M,38,24.93,2025-04-28
161,Isabel García,F,30,23.48,2025-04-25
162,María Martínez,F,18,20.03,2025-03-31
163,Paula Hernández,F,54,24.11,2025-03-12
164,Paula Torres,F,49,23.84,2025-04-03
165,Andrés López,M,40,13.79,2025-03-13
166,Ana Ramírez,F,39,22.29,2025-04-14
167,Diego Hernández,M,31,22.14,2025-04-12
168,Clara López,F,39,18.01,2025-04-02
169,Miguel González,M,33,13.38,2025-04-27
170,Manuel Martínez,M,21,22.86,2025-05-01
171,Elena Ramírez,F,24,18.04,2025-04-03
172,Luis García,M,50,16.88,2025-03-14
173,Pedro Martínez,M,45,13.29,2025-03-30
174,Diego Martínez,M,34,24.46,2025-03-29
175,Paula Cruz,F,49,15.08,2025-03-14
176,Juan López,M,47,22.37,2025-04-09
177,Elena Hernández,F,48,23.32,2025-04-03
178,María Ramírez,F,30,17.84,2025-04-29
179,Paula Hernández,F,20,19.99,2025-03-20
180,Laura Sánchez,F,32,15.28,2025-04-21
181,Luis López,M,37,12.97,2025-04-21
182,Manuel Pérez,M,26,24.86,2025-03-20
183,Isabel Torres,F,47,15.24,2025-04-19
184,Carlos López,M,51,18.93,2025-03-24
185,Miguel Ramírez,M,41,18.03,2025-04-12
186,Ana Sánchez,F,20,15.25,2025-05-09
187,Jorge Cruz,M,24,12.18,2025-04-08
188,Sofía Martínez,F,54,24.26,2025-04-26
189,Carlos García,M,48,14.39,2025-05-05
190,Luis López,M,20,19.99,2025-04-01
191,Sofía Ramírez,F,41,18.49,2025-04-13
192,Elena Ramírez,F,22,18.78,2025-04-14
193,Clara García,F,30,22.91,2025-04-09
194,Clara Pérez,F,39,16.72,2025-03-31
195,Lucía Hernández,F,33,17.14,2025-05-04
196,Juan Sánchez,M,44,13.18,2025-03-21
197,Juan Sánchez,M,27,23.48,2025-05-07
198,Laura Cruz,F,55,23.22,2025-04-06
199,Ana Cruz,F,58,19.17,2025-03-26
200,Juan Torres,M,58,12.72,2025-04-07
201,Lucía Pérez,F,42,23.88,2025-04-18
202,Jorge Hernández,M,33,12.16,2025-04-22
203,Juan Cruz,M,52,12.99,2025-03-21
204,Clara López,F,32,20.83,2025-03-15
205,Ana López,F,34,23.43,2025-04-09
206,Diego Torres,M,53,21.02,2025-03-15
207,Andrés Sánchez,M,45,16.29,2025-03-25
208,Diego Martínez,M,24,13.67,2025-04-24
209,Carmen González,F,24,24.68,2025-04-01
210,Juan Cruz,M,25,21.18,2025-04-18
211,Diego González,M,41,17.93,2025-04-14
212,Isabel Martínez,F,28,23.37,2025-05-04
213,Isabel Hernández,F,25,17.69,2025-04-03
214,María Cruz,F,38,13.09,2025-03-25
215,Luis Cruz,M,54,19.85,2025-04-07
216,Juan González,M,33,15.15,2025-04-08
217,Pedro García,M,31,16.44,2025-03-24
218,Andrés Sánchez,M,35,23.34,2025-04-07
219,Carmen Ramírez,F,27,17.53,2025-05-09
220,Isabel Ramírez,F,45,23.17,2025-04-26
221,Sofía Sánchez,F,30,13.18,2025-05-02
222,María Ramírez,F,43,12.75,2025-04-29
223,Isabel Martínez,F,43,14.99,2025-05-09
224,Laura González,F,39,22.97,2025-04-21
225,Ana González,F,19,22.98,2025-04-25
226,María Martínez,F,28,24.93,2025-04-22
227,Carmen Pérez,F,19,17.55,2025-04-07
228,Elena Martínez,F,46,20.27,2025-04-28
229,Jorge Ramírez,M,26,13.64,2025-04-28
230,Laura Ramírez,F,37,14.15,2025-03-14
231,Juan López,M,35,15.74,2025-04-08
232,Luis Cruz,M,25,15.96,2025-03-27
233,Isabel Torres,F,51,21.51,2025-03-29
234,Elena Sánchez,F,30,13.74,2025-05-01
235,Isabel Pérez,F,50,21.69,2025-05-01
236,Miguel Cruz,M,39,23.55,2025-04-21
237,Manuel Pérez,M,37,17.59,2025-04-19
238,Jorge López,M,56,13.23,2025-04-09
239,Miguel Sánchez,M,25,15.67,2025-04-22
240,Pedro López,M,55,14.24,2025-03-23
241,Pedro Ramírez,M,35,14.95,2025-04-25
242,Jorge Hernández,M,42,16.13,2025-03-19
243,Elena García,F,34,20.24,2025-05-04
244,Ana Torres,F,43,18.51,2025-05-05
245,Luis Torres,M,38,17.89,2025-03-20
246,Paula Hernández,F,46,17.21,2025-04-24
247,Elena Ramírez,F,24,19.82,2025-03-31
248,Paula Torres,F,41,16.14,2025-04-07
249,Paula Ramírez,F,40,14.49,2025-04-02
250,María López,F,38,12.71,2025-03-28
251,Sofía Pérez,F,27,22.14,2025-04-16
252,Andrés Hernández,M,48,24.01,2025-03-23
253,Clara Martínez,F,49,13.1,2025-03-13
254,Clara Sánchez,F,41,23.61,2025-04-14
255,Carlos García,M,22,14.79,2025-03-29
256,Clara González,F,36,24.39,2025-03-17
257,Diego Cruz,M,24,20.07,2025-05-09
258,Juan López,M,56,20.77,2025-03-20
259,Carmen Cruz,F,32,15.53,2025-04-14
260,Juan Hernández,M,31,16.79,2025-04-20
261,María Ramírez,F,27,20.68,2025-04-01
262,Paula Torres,F,34,15.96,2025-05-02
263,María Sánchez,F,51,13.42,2025-04-10
264,Manuel Pérez,M,50,17.59,2025-03-25
265,Carlos García,M,49,22.55,2025-04-09
266,Laura Sánchez,F,39,22.85,2025-03-18
267,María González,F,21,17.45,2025-05-08
268,Manuel González,M,50,20.29,2025-04-26
269,Carmen Ramírez,F,20,15.63,2025-03-15
270,Manuel García,M,40,14.14,2025-05-02
271,Manuel Hernández,M,46,16.8,2025-05-06
272,Paula Cruz,F,41,17.95,2025-05-07
273,Miguel Ramírez,M,38,14.69,2025-03-14
274,Luis Sánchez,M,46,17.73,2025-04-25
275,Elena Cruz,F,45,15.61,2025-04-07
276,Elena Cruz,F,31,16.38,2025-04-14
277,Laura Pérez,F,43,20.13,2025-04-18
278,Andrés Martínez,M,18,23.1,2025-04-14
279,Luis García,M,24,15.26,2025-04-01
280,Lucía Cruz,F,42,24.04,2025-03-15
281,Ricardo Ramírez,M,49,13.03,2025-03-22
282,Pedro Torres,M,28,24.29,2025-04-28
283,Manuel Ramírez,M,41,17.23,2025-04-20
284,Carlos Hernández,M,21,15.12,2025-05-09
285,Jorge López,M,31,18.07,2025-05-07
286,María Ramírez,F,48,13.11,2025-03-20
287,Clara Ramírez,F,20,14.44,2025-03-14
288,Isabel Cruz,F,29,24.95,2025-04-11
289,Luis García,M,37,21.52,2025-04-10
290,Ricardo Ramírez,M,26,20.52,2025-05-06
291,Elena Ramírez,F,18,14.32,2025-05-03
292,Paula Ramírez,F,24,20.43,2025-04-27
293,Laura Pérez,F,21,17.0,2025-04-02
294,Carmen Cruz,F,37,17.85,2025-03-24
295,Elena Sánchez,F,46,17.46,2025-04-03
296,Ana Ramírez,F,37,15.54,2025-03-25
297,Carmen Torres,F,41,18.02,2025-03-21
298,Lucía López,F,31,15.22,2025-03-30
299,Paula Pérez,F,42,21.02,2025-03-24
300,Pedro González,M,42,13.31,2025-03-16
301,Diego Ramírez,M,23,13.67,2025-04-19
302,Juan Pérez,M,21,13.5,2025-04-25
303,Jorge Pérez,M,31,22.96,2025-04-26
304,Clara García,F,42,17.85,2025-04-07
305,Jorge García,M,41,17.72,2025-03-12
306,Juan Martínez,M,44,12.57,2025-04-16
307,Sofía Pérez,F,42,12.44,2025-04-24
308,Elena Pérez,F,27,20.89,2025-03-26
309,Luis García,M,39,17.95,2025-04-25
310,Isabel Pérez,F,35,20.27,2025-04-07
311,Clara Cruz,F,57,24.08,2025-04-24
312,Pedro García,M,29,20.97,2025-03-22
313,Manuel Pérez,M,45,20.93,2025-03-23
314,María Torres,F,40,19.55,2025-05-11
315,Jorge González,M,53,15.1,2025-03-20
316,Carlos Sánchez,M,55,21.32,2025-05-04
317,María Sánchez,F,34,12.56,2025-03-16
318,Elena Pérez,F,47,24.75,2025-03-27
319,Luis Hernández,M,52,22.83,2025-04-19
320,Luis González,M,27,24.44,2025-04-03
321,María García,F,21,17.78,2025-04-29
322,Sofía Hernández,F,46,18.12,2025-04-06
323,Carmen Sánchez,F,54,13.04,2025-03-31
324,Andrés González,M,37,18.12,2025-04-05
325,Laura Martínez,F,39,14.08,2025-05-03
326,Jorge Martínez,M,22,17.47,2025-03-14
327,Diego Cruz,M,39,20.07,2025-03-27
328,María Sánchez,F,38,23.36,2025-04-27
329,Juan Sánchez,M,37,16.13,2025-04-22
330,Paula García,F,49,15.67,2025-04-16
331,Carlos Martínez,M,28,18.34,2025-04-09
332,María Pérez,F,26,19.15,2025-04-09
333,Ricardo Cruz,M,56,21.55,2025-05-08
334,Lucía Hernández,F,41,17.37,2025-03-31
335,Miguel Torres,M,28,22.0,2025-04-05
336,Clara Cruz,F,57,18.42,2025-03-22
337,Lucía Ramírez,F,25,18.19,2025-04-26
338,Lucía González,F,44,20.5,2025-04-29
339,Pedro Hernández,M,22,15.41,2025-03-22
340,Ana González,F,32,17.81,2025-03-18
341,Juan Ramírez,M,41,12.74,2025-05-06
342,María Pérez,F,35,18.46,2025-05-03
343,Carlos González,M,18,13.67,2025-05-02
344,Carlos García,M,41,14.23,2025-05-07
345,Laura Sánchez,F,39,20.71,2025-03-17
346,Isabel González,F,49,17.07,2025-03-13
347,Pedro González,M,28,16.59,2025-04-27
348,Ricardo Martínez,M,25,16.15,2025-04-10
349,Sofía López,F,34,24.96,2025-04-12
350,María García,F,24,23.29,2025-03-13
351,Carmen Cruz,F,35,18.34,2025-04-04
352,Pedro Hernández,M,25,20.25,2025-05-02
353,Clara Torres,F,57,15.7,2025-03-29
354,Juan Sánchez,M,45,20.44,2025-04-08
355,Diego Pérez,M,47,18.74,2025-04-30
356,Diego Martínez,M,49,20.31,2025-04-29
357,Clara Ramírez,F,57,12.29,2025-05-09
358,Diego Pérez,M,18,12.21,2025-03-23
359,Lucía López,F,41,13.06,2025-04-20
360,Carlos Pérez,M,56,20.73,2025-04-07
361,Carlos Hernández,M,43,22.92,2025-04-15
362,Isabel González,F,56,16.8,2025-05-07
363,Lucía González,F,51,19.82,2025-03-17
364,Jorge González,M,55,18.83,2025-04-11
365,Manuel Torres,M,36,19.72,2025-04-12
366,Diego Hernández,M,41,16.63,2025-03-13
367,Carlos Martínez,M,35,21.62,2025-05-04
368,Diego Hernández,M,29,14.64,2025-04-23
369,María Martínez,F,38,20.94,2025-05-11
370,Sofía Hernández,F,56,23.69,2025-03-12
371,Ricardo Sánchez,M,30,22.23,2025-03-29
372,Paula Cruz,F,56,24.86,2025-04-04
373,Miguel García,M,41,21.99,2025-03-21
374,Isabel Hernández,F,55,17.07,2025-04-11
375,Sofía Martínez,F,42,19.68,2025-04-22
376,Pedro Hernández,M,29,16.22,2025-04-04
377,Andrés Pérez,M,32,24.25,2025-04-27
378,Carmen Sánchez,F,54,19.24,2025-05-05
379,Jorge Ramírez,M,46,17.02,2025-04-18
380,Elena Sánchez,F,57,24.86,2025-04-01
381,Lucía González,F,51,24.19,2025-03-31
382,Luis González,M,31,22.95,2025-04-06
383,Elena Pérez,F,51,23.13,2025-05-04
384,Lucía Sánchez,F,43,18.96,2025-03-25
385,Jorge Torres,M,33,24.6,2025-04-14
386,Juan González,M,37,14.08,2025-03-30
387,Paula Pérez,F,31,16.59,2025-04-17
388,Diego Sánchez,M,35,17.95,2025-03-24
389,Carmen Pérez,F,22,21.69,2025-05-06
390,Carmen Torres,F,49,24.01,2025-04-01
391,Manuel González,M,18,15.3,2025-03-14
392,Lucía García,F,39,13.29,2025-04-23
393,Carlos Torres,M,55,13.18,2025-04-30
394,Ricardo Cruz,M,25,17.37,2025-04-29
395,Ana Pérez,F,30,12.98,2025-04-08
396,Paula Martínez,F,18,20.13,2025-03-31
397,Pedro Cruz,M,48,13.94,2025-03-23
398,Ana Ramírez,F,38,12.87,2025-03-15
399,Manuel García,M,30,13.77,2025-04-27
400,Paula Martínez,F,37,22.08,2025-05-10
401,Lucía Martínez,F,25,17.38,2025-03-29
402,Andrés Sánchez,M,43,15.75,2025-04-20
403,Ricardo Cruz,M,49,21.29,2025-04-23
404,Jorge Sánchez,M,50,13.92,2025-05-10
405,Luis López,M,46,15.25,2025-05-10
406,Ana González,F,43,19.92,2025-04-24
407,Andrés Cruz,M,30,18.11,2025-03-21
408,Clara López,F,36,19.67,2025-05-04
409,Manuel Cruz,M,26,14.53,2025-04-13
410,Carlos Ramírez,M,31,17.51,2025-03-17
411,Carlos Hernández,M,44,16.99,2025-03-15
412,Pedro Hernández,M,50,19.13,2025-05-11
413,Clara López,F,25,19.84,2025-03-26
414,Luis Cruz,M,53,17.24,2025-03-12
415,Elena González,F,55,20.25,2025-03-14
416,Juan Martínez,M,30,13.56,2025-04-26
417,Paula Hernández,F,44,19.16,2025-05-09
418,Luis Ramírez,M,29,12.01,2025-05-09
419,Juan Ramírez,M,51,13.07,2025-05-04
420,Ana Ramírez,F,50,23.81,2025-04-30
421,Andrés López,M,39,14.83,2025-04-29
422,Jorge Cruz,M,57,15.73,2025-04-03
423,Carmen Pérez,F,38,12.9,2025-04-18
424,Ricardo Torres,M,36,23.72,2025-04-20
425,Luis González,M,42,22.39,2025-03-14
426,Elena Ramírez,F,37,18.29,2025-04-14
427,Andrés Martínez,M,44,23.85,2025-05-08
428,Miguel García,M,58,22.43,2025-05-02
429,Isabel Pérez,F,55,15.39,2025-04-10
430,Elena Sánchez,F,22,16.67,2025-04-19
431,Carlos López,M,55,15.37,2025-04-23
432,Isabel González,F,40,14.52,2025-04-07
433,Miguel Sánchez,M,46,12.42,2025-04-03
434,Diego Torres,M,53,20.1,2025-05-11
435,Isabel González,F,46,12.07,2025-04-03
436,Ana Martínez,F,26,23.85,2025-04-15
437,Diego López,M,20,20.05,2025-04-21
438,Paula González,F,44,18.18,2025-03-14
439,Clara Ramírez,F,19,14.4,2025-03-24
440,Andrés González,M,21,19.27,2025-03-28
441,Miguel López,M,35,23.17,2025-03-17
442,María Sánchez,F,55,16.17,2025-03-18
443,Juan Ramírez,M,53,12.92,2025-04-20
444,Carlos Torres,M,51,22.38,2025-03-29
445,Andrés Pérez,M,35,24.34,2025-03-12
446,Laura González,F,27,17.61,2025-03-30
447,Juan Ramírez,M,48,19.47,2025-03-24
448,Paula Hernández,F,34,24.74,2025-04-22
449,Pedro González,M,35,16.93,2025-05-01
450,Ana Martínez,F,23,23.71,2025-05-08
451,Juan López,M,57,14.35,2025-04-01
452,Carlos Hernández,M,56,21.03,2025-03-15
453,Carlos Hernández,M,36,16.45,2025-03-14
454,Manuel González,M,46,24.33,2025-03-22
455,Ricardo Hernández,M,57,23.66,2025-03-21
456,Ricardo García,M,30,18.16,2025-04-13
457,Clara Cruz,F,47,15.95,2025-04-18
458,Elena López,F,55,12.55,2025-04-23
459,Paula González,F,46,24.08,2025-03-29
460,Andrés Hernández,M,45,15.12,2025-04-06
461,Juan Cruz,M,57,17.2,2025-03-24
462,Jorge García,M,51,13.99,2025-03-17
463,Miguel Cruz,M,26,14.42,2025-04-01
464,Isabel Cruz,F,34,20.91,2025-04-17
465,Ana Pérez,F,33,12.16,2025-05-10
466,Paula García,F,38,15.52,2025-03-30
467,Luis García,M,22,24.3,2025-03-18
468,Manuel Torres,M,30,13.43,2025-04-04
469,Elena Ramírez,F,20,14.65,2025-03-29
470,Carlos Martínez,M,23,17.19,2025-04-06
471,Laura Cruz,F,28,21.74,2025-05-01
472,Ricardo Pérez,M,19,22.86,2025-03-19
473,Isabel Sánchez,F,49,17.19,2025-04-21
474,Andrés Pérez,M,23,16.34,2025-03-17
475,Sofía Hernández,F,55,23.58,2025-03-31
476,Pedro Ramírez,M,22,13.08,2025-05-01
477,Luis Martínez,M,49,14.04,2025-05-06
478,Isabel Torres,F,32,15.84,2025-05-06
479,Sofía Martínez,F,47,19.58,2025-03-17
480,María Hernández,F,58,24.96,2025-05-04
481,Lucía González,F,55,17.09,2025-03-24
482,Laura Cruz,F,33,12.46,2025-04-26
483,Sofía Torres,F,29,20.05,2025-05-09
484,Diego López,M,21,22.21,2025-05-11
485,Ana González,F,43,22.52,2025-05-06
486,Luis Cruz,M,25,12.68,2025-05-05
487,Miguel González,M,44,17.64,2025-04-20
488,Luis García,M,26,14.08,2025-04-10
489,Paula Martínez,F,32,22.67,2025-03-13
490,María Ramírez,F,27,17.22,2025-05-11
491,María López,F,54,14.94,2025-05-01
492,Miguel Torres,M,46,21.06,2025-04-26
493,Elena Sánchez,F,24,21.18,2025-05-09
494,Paula Hernández,F,28,22.13,2025-03-27
495,Jorge González,M,49,21.87,2025-04-07
496,María Ramírez,F,39,19.14,2025-03-16
497,Elena Cruz,F,29,23.0,2025-04-26
498,Diego Pérez,M,28,16.27,2025-03-28
499,Sofía Sánchez,F,53,14.14,2025-04-27
500,Andrés Ramírez,M,45,23.9,2025-04-07
501,Luis Hernández,M,24,22.87,2025-04-17
502,Elena Hernández,F,58,22.31,2025-03-14
503,Carlos Sánchez,M,35,21.35,2025-05-10
504,Laura Ramírez,F,34,22.31,2025-05-04
505,Manuel Hernández,M,47,18.04,2025-03-30
506,Isabel Pérez,F,46,16.64,2025-03-22
507,Diego Pérez,M,36,16.56,2025-03-20
508,Paula Martínez,F,19,18.8,2025-04-23
509,Jorge Martínez,M,38,13.86,2025-05-10
510,Elena Hernández,F,57,20.58,2025-04-08
511,Ana Ramírez,F,53,16.66,2025-03-28
512,Miguel Cruz,M,42,21.48,2025-03-23
513,Luis Martínez,M,57,14.06,2025-04-04
514,Jorge López,M,55,16.4,2025-05-08
515,Lucía Pérez,F,57,18.1,2025-05-08
516,Jorge Pérez,M,28,22.26,2025-04-03
517,Laura Cruz,F,33,22.48,2025-04-06
518,Carmen García,F,50,24.47,2025-05-05
519,Miguel Ramírez,M,37,12.53,2025-04-22
520,Paula Martínez,F,28,14.2,2025-04-13
521,Clara Pérez,F,31,16.31,2025-05-06
522,Manuel López,M,41,19.07,2025-03-23
523,Carlos Hernández,M,46,24.34,2025-04-20
524,Paula Cruz,F,39,24.76,2025-04-24
525,Juan Hernández,M,40,14.56,2025-03-22
526,Carlos García,M,40,16.86,2025-04-30
527,Elena Martínez,F,37,14.0,2025-04-23
528,Jorge López,M,37,23.14,2025-05-09
529,Clara Martínez,F,22,18.77,2025-03-25
530,María Hernández,F,58,17.93,2025-04-08
531,Manuel Hernández,M,30,14.62,2025-03-31
532,Pedro García,M,52,14.2,2025-04-16
533,María García,F,57,18.57,2025-04-03
534,Ana Hernández,F,27,24.63,2025-04-19
535,Manuel Cruz,M,28,14.78,2025-04-19
536,Manuel González,M,24,12.56,2025-04-12
537,Andrés Ramírez,M,44,17.32,2025-04-03
538,Luis Hernández,M,34,13.73,2025-05-05
539,Isabel Ramírez,F,41,14.94,2025-03-31
540,Elena Torres,F,26,13.57,2025-04-19
541,Carlos Cruz,M,29,18.86,2025-03-15
542,Clara Cruz,F,27,23.74,2025-04-27
543,Juan Torres,M,44,12.13,2025-04-05
544,Pedro Ramírez,M,55,17.06,2025-05-04
545,Carlos García,M,36,13.15,2025-03-14
546,Ricardo Cruz,M,21,17.93,2025-04-03
547,Isabel González,F,25,12.2,2025-05-11
548,Jorge González,M,18,13.67,2025-04-19
549,Luis Ramírez,M,26,22.08,2025-03-28
550,Ana Hernández,F,23,19.59,2025-03-29
551,Carmen Ramírez,F,35,22.59,2025-04-26
552,Laura Martínez,F,44,20.63,2025-04-03
553,Miguel García,M,27,16.59,2025-04-30
554,Clara Martínez,F,43,18.52,2025-04-16
555,Lucía Cruz,F,23,22.05,2025-03-14
556,Diego Hernández,M,24,14.91,2025-04-14
557,Jorge García,M,55,14.04,2025-04-25
558,Ricardo Cruz,M,23,22.39,2025-04-08
559,Sofía Sánchez,F,20,19.57,2025-04-21
560,Luis García,M,40,19.74,2025-03-15
561,Clara Pérez,F,27,14.06,2025-04-08
562,Diego Ramírez,M,30,12.43,2025-04-29
563,Ricardo Torres,M,39,17.09,2025-04-12
564,María Sánchez,F,39,13.09,2025-03-12
565,Ricardo Cruz,M,45,21.7,2025-04-06
566,Laura García,F,24,16.78,2025-03-17
567,Luis Sánchez,M,56,19.75,2025-04-12
568,Ana García,F,44,13.15,2025-04-21
569,Elena Sánchez,F,39,18.76,2025-04-27
570,Andrés Torres,M,42,23.99,2025-03-26
571,Ana Pérez,F,27,22.6,2025-04-05
572,Diego Martínez,M,31,24.71,2025-04-13
573,Jorge Sánchez,M,27,24.89,2025-04-07
574,Paula González,F,25,14.32,2025-04-03
575,Sofía Torres,F,35,24.95,2025-04-03
576,Sofía González,F,30,12.21,2025-03-18
577,Diego García,M,31,19.08,2025-04-22
578,Lucía Pérez,F,56,12.42,2025-03-31
579,Pedro Martínez,M,34,12.23,2025-04-16
580,Carmen Hernández,F,36,15.81,2025-04-12
581,Sofía González,F,23,12.31,2025-03-27
582,Elena Sánchez,F,46,15.58,2025-04-03
583,Elena Ramírez,F,58,20.25,2025-04-13
584,Ana Pérez,F,29,13.41,2025-05-01
585,Luis González,M,56,14.78,2025-03-30
586,Manuel Martínez,M,38,22.15,2025-03-29
587,Paula González,F,44,20.52,2025-04-30
588,Elena Cruz,F,26,18.62,2025-03-16
589,Juan García,M,33,14.95,2025-03-19
590,María Pérez,F,39,22.62,2025-04-10
591,Diego Sánchez,M,55,21.33,2025-04-18
592,Luis García,M,49,24.27,2025-03-27
593,Manuel Pérez,M,21,18.49,2025-04-06
594,Laura Sánchez,F,23,12.47,2025-03-24
595,Andrés Ramírez,M,19,19.11,2025-03-18
596,Ricardo Ramírez,M,50,13.1,2025-04-10
597,Juan Martínez,M,58,20.58,2025-03-25
598,Clara Hernández,F,43,22.76,2025-04-15
599,Juan Pérez,M,40,16.04,2025-03-17
600,Laura González,F,21,19.29,2025-04-14
601,Luis Torres,M,27,14.09,2025-04-15
602,Paula Hernández,F,22,15.01,2025-05-03
603,Manuel González,M,47,18.13,2025-04-09
604,Ana Martínez,F,20,15.39,2025-03-29
605,Paula González,F,43,15.3,2025-04-04
606,Ricardo González,M,44,12.82,2025-04-26
607,Juan Martínez,M,22,13.14,2025-04-29
608,Isabel López,F,32,16.99,2025-03-30
609,Paula López,F,58,15.08,2025-05-01
610,Carlos Ramírez,M,53,15.77,2025-04-09
611,Miguel Sánchez,M,18,24.62,2025-04-25
612,Elena González,F,46,14.34,2025-03-21
613,Diego López,M,52,20.27,2025-05-10
614,Ricardo Pérez,M,20,15.6,2025-04-11
615,María López,F,25,22.72,2025-04-08
616,Manuel Cruz,M,39,14.23,2025-03-23
617,Miguel García,M,41,20.97,2025-03-16
618,Carmen Cruz,F,26,24.84,2025-05-01
619,Clara González,F,49,24.63,2025-03-12
620,Miguel Ramírez,M,37,15.69,2025-04-09
621,Ana Cruz,F,25,14.07,2025-04-27
622,Isabel Hernández,F,28,21.62,2025-03-22
623,Clara García,F,36,24.12,2025-03-26
624,Ricardo Martínez,M,31,13.9,2025-04-07
625,Clara Pérez,F,19,17.81,2025-04-24
626,Miguel Cruz,M,20,16.03,2025-03-17
627,Diego García,M,35,13.92,2025-03-17
628,Isabel López,F,35,16.89,2025-03-30
629,Jorge Hernández,M,38,16.12,2025-03-29
630,Clara Martínez,F,25,18.95,2025-04-22
631,Andrés López,M,44,19.27,2025-04-07
632,Clara Ramírez,F,52,23.86,2025-05-11
633,Miguel Hernández,M,23,20.36,2025-05-02
634,Isabel Torres,F,41,12.0,2025-03-14
635,Miguel Cruz,M,46,12.79,2025-05-10
636,Carlos Torres,M,51,14.22,2025-03-12
637,Diego García,M,26,24.13,2025-04-05
638,Carmen Martínez,F,44,20.71,2025-04-12
639,Lucía Martínez,F,35,17.83,2025-03-21
640,Luis Ramírez,M,19,16.72,2025-05-01
641,Ana Martínez,F,23,24.06,2025-05-11
642,Laura Cruz,F,29,17.51,2025-05-04
643,Laura Ramírez,F,37,18.79,2025-03-23
644,Andrés Hernández,M,39,24.61,2025-04-15
645,Lucía Sánchez,F,48,13.7,2025-05-04
646,Isabel López,F,46,20.28,2025-05-07
647,Juan López,M,39,20.62,2025-04-23
648,Jorge Martínez,M,27,16.23,2025-04-16
649,Jorge Cruz,M,39,23.89,2025-03-17
650,Carmen Torres,F,42,12.76,2025-04-04
651,Elena García,F,26,14.86,2025-04-26
652,Jorge Hernández,M,58,21.38,2025-05-08
653,Juan Hernández,M,32,21.86,2025-03-12
654,María López,F,54,20.06,2025-04-26
655,Diego García,M,36,15.45,2025-03-29
656,Elena Pérez,F,41,16.64,2025-04-16
657,María García,F,46,23.02,2025-04-13
658,Lucía Ramírez,F,43,12.82,2025-03-16
659,Manuel Pérez,M,50,21.31,2025-03-21
660,Elena López,F,53,19.3,2025-04-29
661,Sofía Martínez,F,56,18.33,2025-05-10
662,Luis Torres,M,38,19.86,2025-03-13
663,Clara Martínez,F,39,14.48,2025-05-07
664,Ricardo Torres,M,27,16.1,2025-04-06
665,Juan Cruz,M,37,18.27,2025-05-08
666,Laura Hernández,F,25,21.7,2025-05-05
667,Lucía Ramírez,F,40,19.82,2025-04-25
668,Miguel Cruz,M,22,15.41,2025-03-15
669,Andrés Cruz,M,47,21.14,2025-03-27
670,Laura Cruz,F,31,22.41,2025-04-11
671,Pedro Hernández,M,42,13.58,2025-04-25
672,Sofía González,F,35,16.83,2025-04-15
673,Juan Martínez,M,33,21.35,2025-05-10
674,Diego Hernández,M,20,20.45,2025-04-09
675,Diego Cruz,M,58,21.94,2025-04-02
676,Diego Martínez,M,22,20.17,2025-04-15
677,Carlos Torres,M,51,20.6,2025-04-07
678,Pedro Hernández,M,18,24.21,2025-04-13
679,Pedro García,M,54,12.96,2025-03-31
680,Miguel González,M,38,19.94,2025-05-08
681,Isabel Pérez,F,44,14.68,2025-04-17
682,Sofía García,F,35,19.38,2025-03-24
683,Andrés García,M,40,19.42,2025-04-25
684,Luis Sánchez,M,41,18.88,2025-04-17
685,Elena Hernández,F,46,21.12,2025-03-31
686,Elena Ramírez,F,57,16.29,2025-03-21
687,Luis Sánchez,M,45,23.66,2025-04-03
688,Jorge González,M,33,22.76,2025-04-13
689,Luis Martínez,M,50,22.72,2025-04-16
690,Diego López,M,36,16.81,2025-03-23
691,Diego Martínez,M,45,17.57,2025-05-04
692,Clara Torres,F,55,14.29,2025-04-25
693,Andrés Martínez,M,24,22.64,2025-04-06
694,Lucía Cruz,F,39,17.7,2025-04-15
695,María Martínez,F,52,19.31,2025-04-15
696,Ana García,F,21,24.36,2025-04-14
697,Laura Hernández,F,55,23.98,2025-04-30
698,Pedro Sánchez,M,37,15.04,2025-03-13
699,Luis García,M,27,17.71,2025-03-29
700,Laura López,F,48,20.12,2025-04-02
701,Lucía Torres,F,37,22.28,2025-03-29
702,Clara Torres,F,30,12.48,2025-04-07
703,Clara Martínez,F,33,20.38,2025-04-25
704,Miguel Pérez,M,24,20.06,2025-04-26
705,Juan López,M,20,17.4,2025-04-09
706,Carmen Hernández,F,54,19.1,2025-04-10
707,Diego Ramírez,M,20,13.27,2025-03-27
708,Ricardo Pérez,M,47,18.14,2025-04-16
709,Carmen López,F,47,17.27,2025-03-31
710,Laura García,F,42,21.32,2025-04-15
711,Diego Sánchez,M,18,13.08,2025-04-09
712,Pedro Ramírez,M,19,21.62,2025-04-02
713,Diego Martínez,M,28,18.2,2025-03-20
714,Elena Martínez,F,47,24.74,2025-04-21
715,Jorge Torres,M,40,14.26,2025-04-02
716,Carmen Torres,F,50,14.18,2025-03-15
717,María Ramírez,F,53,22.89,2025-05-08
718,Jorge Sánchez,M,24,21.31,2025-03-12
719,Miguel Hernández,M,19,21.37,2025-04-05
720,Paula González,F,43,24.46,2025-04-16
721,Carmen Torres,F,27,13.93,2025-03-20
722,Diego Ramírez,M,42,20.16,2025-03-12
723,Isabel López,F,32,18.52,2025-03-17
724,Ana García,F,37,16.79,2025-04-08
725,Laura Ramírez,F,20,18.05,2025-04-09
726,Paula Pérez,F,27,16.67,2025-03-22
727,Elena González,F,35,24.8,2025-03-14
728,Paula García,F,43,20.14,2025-04-06
729,Carmen Torres,F,45,13.31,2025-03-15
730,Lucía Hernández,F,50,24.07,2025-04-04
731,Sofía Sánchez,F,41,24.2,2025-04-13
732,Juan López,M,32,18.94,2025-03-24
733,Clara Ramírez,F,37,15.13,2025-04-18
734,Ana Sánchez,F,37,18.11,2025-03-16
735,Carmen García,F,31,17.7,2025-04-15
736,Laura García,F,20,13.98,2025-04-21
737,Isabel Ramírez,F,51,23.27,2025-05-03
738,Carlos López,M,48,16.53,2025-04-16
739,Lucía Cruz,F,19,16.78,2025-04-29
740,Elena Pérez,F,20,16.82,2025-03-27
741,Lucía Pérez,F,51,21.76,2025-03-20
742,Isabel García,F,36,17.54,2025-05-01
743,Isabel Ramírez,F,53,20.28,2025-04-07
744,Lucía Cruz,F,54,20.03,2025-04-12
745,Paula Cruz,F,26,19.77,2025-04-18
746,Carmen Pérez,F,27,22.05,2025-04-27
747,María Ramírez,F,21,19.79,2025-05-11
748,Diego Cruz,M,46,17.18,2025-05-04
749,Paula Hernández,F,19,21.39,2025-05-06
750,Diego López,M,39,17.16,2025-03-19
751,Carmen Ramírez,F,36,15.3,2025-03-29
752,María González,F,47,19.16,2025-05-09
753,Ricardo Martínez,M,52,21.63,2025-04-20
754,Ana Sánchez,F,48,17.89,2025-05-02
755,Lucía Martínez,F,55,14.59,2025-03-12
756,Carmen López,F,27,20.88,2025-04-12
757,Ricardo López,M,31,17.65,2025-03-20
758,Clara Pérez,F,30,16.56,2025-03-26
759,Carmen Cruz,F,32,21.44,2025-04-24
760,Clara González,F,58,20.63,2025-04-26
761,Pedro García,M,48,23.51,2025-04-28
762,Jorge Cruz,M,26,23.34,2025-04-18
763,Carmen Torres,F,39,17.08,2025-03-24
764,Pedro Torres,M,51,15.15,2025-04-02
765,Clara López,F,51,14.48,2025-04-17
766,Carmen Ramírez,F,19,16.44,2025-05-03
767,Laura Martínez,F,52,23.88,2025-04-25
768,Carlos López,M,56,24.11,2025-05-10
769,Isabel Cruz,F,50,19.5,2025-04-02
770,Sofía Martínez,F,28,19.66,2025-03-27
771,Diego Pérez,M,47,23.91,2025-03-29
772,Laura Sánchez,F,38,13.46,2025-04-22
773,Elena Martínez,F,31,12.96,2025-04-30
774,Sofía Ramírez,F,38,18.84,2025-04-02
775,Pedro González,M,23,17.47,2025-04-17
776,Isabel Ramírez,F,54,13.38,2025-04-29
777,Luis Torres,M,40,23.21,2025-04-28
778,Diego García,M,56,12.94,2025-04-05
779,Ana Sánchez,F,29,16.14,2025-03-13
780,Carmen Martínez,F,27,13.1,2025-03-19
781,Carlos Martínez,M,22,14.55,2025-03-27
782,Ana Hernández,F,53,21.69,2025-05-08
783,Ana González,F,47,23.9,2025-03-26
784,Andrés Pérez,M,30,16.89,2025-03-14
785,Juan Hernández,M,34,22.7,2025-04-30
786,Lucía García,F,54,13.9,2025-03-29
787,Juan García,M,19,12.14,2025-03-23
788,Miguel Torres,M,19,17.17,2025-05-01
789,Ricardo Ramírez,M,32,18.16,2025-04-05
790,Elena González,F,30,17.71,2025-04-07
791,Elena López,F,22,16.99,2025-05-07
792,Isabel Hernández,F,30,23.23,2025-04-12
793,Manuel López,M,34,18.37,2025-04-20
794,Manuel Torres,M,46,22.87,2025-05-02
795,Clara González,F,47,13.92,2025-04-23
796,María Pérez,F,32,19.91,2025-04-23
797,Diego López,M,26,24.24,2025-04-12
798,Clara López,F,21,22.75,2025-04-28
799,Laura Torres,F,45,14.66,2025-03-26
800,Paula González,F,27,24.8,2025-04-30
801,Manuel Pérez,M,48,23.97,2025-04-27
802,María Ramírez,F,49,23.78,2025-03-30
803,Juan Pérez,M,27,19.96,2025-04-24
804,Carmen García,F,50,23.57,2025-04-01
805,Carmen González,F,58,18.35,2025-05-03
806,Elena Hernández,F,53,24.7,2025-04-30
807,Lucía Ramírez,F,37,18.22,2025-04-05
808,Andrés Pérez,M,45,13.24,2025-04-14
809,Juan Ramírez,M,48,14.03,2025-04-18
810,Laura Cruz,F,35,22.1,2025-04-12
811,Isabel García,F,24,15.59,2025-04-04
812,Jorge González,M,48,14.04,2025-04-21
813,Laura Martínez,F,25,20.47,2025-04-05
814,Diego García,M,20,19.93,2025-03-30
815,Pedro Cruz,M,55,13.25,2025-04-05
816,Jorge Ramírez,M,47,24.91,2025-04-27
817,Ricardo López,M,40,20.73,2025-03-18
818,Elena Martínez,F,32,19.54,2025-05-09
819,Manuel López,M,19,18.41,2025-03-21
820,Clara González,F,53,23.89,2025-04-08
821,María Hernández,F,29,13.51,2025-03-12
822,María López,F,50,23.69,2025-04-26
823,Paula López,F,37,17.97,2025-04-21
824,Sofía Pérez,F,35,20.14,2025-04-08
825,Clara López,F,56,16.95,2025-04-18
826,Elena García,F,29,17.57,2025-03-27
827,Sofía González,F,21,12.58,2025-03-13
828,Miguel Martínez,M,44,19.48,2025-03-31
829,Pedro Pérez,M,40,14.33,2025-03-17
830,Sofía Cruz,F,46,13.34,2025-04-08
831,Luis García,M,50,13.16,2025-03-24
832,Pedro Torres,M,18,16.08,2025-04-03
833,Juan López,M,29,24.83,2025-04-12
834,Juan Hernández,M,54,20.62,2025-03-24
835,Carmen Sánchez,F,25,22.85,2025-04-22
836,Andrés Cruz,M,22,22.37,2025-03-17
837,Jorge López,M,21,14.24,2025-04-14
838,Luis García,M,25,21.02,2025-04-12
839,Laura Torres,F,28,18.94,2025-03-24
840,Juan García,M,27,24.04,2025-04-17
841,Sofía Hernández,F,21,21.61,2025-05-01
842,Andrés Martínez,M,38,22.64,2025-04-16
843,Laura Pérez,F,53,20.89,2025-04-12
844,Juan González,M,57,17.38,2025-04-11
845,Carmen González,F,20,23.56,2025-04-07
846,Ana Torres,F,23,23.84,2025-03-22
847,Paula García,F,56,19.73,2025-03-30
848,Laura Pérez,F,58,15.52,2025-04-19
849,Ana Sánchez,F,45,17.83,2025-03-22
850,Manuel Ramírez,M,53,16.78,2025-04-26
851,María Sánchez,F,49,23.65,2025-04-04
852,Sofía Ramírez,F,34,17.9,2025-04-09
853,Lucía Martínez,F,35,24.5,2025-05-04
854,Sofía Sánchez,F,45,13.67,2025-03-17
855,Ricardo Hernández,M,48,20.26,2025-05-11
856,Diego García,M,24,22.62,2025-03-31
857,Laura Cruz,F,20,16.26,2025-05-01
858,Ricardo Torres,M,49,18.43,2025-04-29
859,Miguel Torres,M,52,21.27,2025-04-09
860,Sofía Torres,F,35,19.7,2025-03-13
861,Carmen Cruz,F,33,12.74,2025-05-09
862,Laura Torres,F,48,13.68,2025-04-11
863,Luis García,M,32,23.36,2025-04-18
864,Paula Hernández,F,43,12.73,2025-03-15
865,Andrés Hernández,M,44,18.9,2025-04-22
866,Ana Hernández,F,53,15.91,2025-04-08
867,Manuel Cruz,M,26,15.71,2025-05-11
868,Manuel Martínez,M,34,18.94,2025-04-16
869,Elena Pérez,F,37,12.58,2025-03-22
870,Jorge Hernández,M,52,17.53,2025-03-21
871,Jorge Pérez,M,38,22.77,2025-03-29
872,Paula Pérez,F,19,13.29,2025-04-04
873,Miguel Pérez,M,48,16.0,2025-03-17
874,Luis Torres,M,51,19.89,2025-05-08
875,Ana López,F,25,19.36,2025-03-19
876,Andrés Ramírez,M,34,14.94,2025-04-03
877,Manuel Torres,M,41,16.4,2025-03-13
878,Sofía Torres,F,37,23.49,2025-03-25
879,Elena Sánchez,F,47,15.05,2025-05-05
880,Diego García,M,24,24.59,2025-04-29
881,Miguel Pérez,M,37,20.61,2025-04-29
882,Ricardo López,M,51,16.19,2025-04-03
883,Ana Hernández,F,19,20.76,2025-04-04
884,Elena Sánchez,F,35,19.42,2025-03-22
885,Sofía García,F,50,19.21,2025-04-13
886,Pedro Cruz,M,50,19.82,2025-03-22
887,María Martínez,F,18,20.22,2025-04-10
888,Lucía González,F,37,18.96,2025-04-13
889,Manuel García,M,42,13.25,2025-04-01
890,Carlos Ramírez,M,28,24.42,2025-04-21
891,Juan Torres,M,48,21.68,2025-05-02
892,Lucía López,F,18,18.98,2025-03-25
893,Pedro Ramírez,M,47,14.04,2025-04-18
894,Sofía Sánchez,F,56,22.48,2025-03-24
895,Diego García,M,30,16.36,2025-04-19
896,Clara Martínez,F,48,21.5,2025-04-08
897,Paula González,F,38,24.22,2025-04-03
898,Carmen Pérez,F,49,12.19,2025-04-11
899,Ana Ramírez,F,52,22.0,2025-04-11
900,Jorge Cruz,M,34,14.59,2025-03-30
901,Juan Pérez,M,56,20.64,2025-05-06
902,Sofía Sánchez,F,37,23.9,2025-03-25
903,María González,F,43,15.81,2025-03-26
904,Jorge Pérez,M,27,23.56,2025-03-22
905,Diego López,M,19,17.01,2025-03-12
906,Ana Ramírez,F,37,23.02,2025-04-11
907,Manuel García,M,51,16.46,2025-05-08
908,Pedro Hernández,M,31,22.29,2025-03-30
909,Paula González,F,24,13.91,2025-04-21
910,Jorge Martínez,M,52,12.21,2025-03-30
911,Clara Sánchez,F,24,14.96,2025-03-17
912,Sofía García,F,22,13.53,2025-04-02
913,Ana López,F,33,16.42,2025-05-02
914,Lucía Torres,F,21,22.78,2025-04-27
915,Jorge Ramírez,M,35,21.23,2025-03-16
916,Carlos Ramírez,M,37,16.84,2025-04-04
917,Laura López,F,28,21.62,2025-04-26
918,Andrés González,M,44,14.42,2025-03-17
919,Sofía Hernández,F,38,14.76,2025-04-05
920,Juan Martínez,M,46,18.38,2025-04-26
921,Luis Cruz,M,25,22.4,2025-04-05
922,Clara Torres,F,44,17.14,2025-05-03
923,Laura Hernández,F,26,24.94,2025-04-10
924,Jorge Torres,M,49,15.72,2025-03-15
925,Andrés González,M,24,22.78,2025-04-01
926,Paula Torres,F,48,15.38,2025-04-11
927,Carmen García,F,26,17.72,2025-05-01
928,Paula Cruz,F,37,24.92,2025-04-08
929,Pedro Sánchez,M,57,16.21,2025-05-02
930,Miguel Cruz,M,26,12.06,2025-03-14
931,Ricardo González,M,54,22.68,2025-04-04
932,Sofía Cruz,F,54,18.34,2025-03-21
933,Ana López,F,55,17.7,2025-03-29
934,Jorge Sánchez,M,25,21.1,2025-04-08
935,Sofía Pérez,F,58,22.19,2025-04-08
936,Juan Pérez,M,45,17.0,2025-05-03
937,Ana Hernández,F,33,18.52,2025-03-18
938,Manuel Martínez,M,25,17.34,2025-05-03
939,Diego Cruz,M,31,13.68,2025-04-10
940,Clara García,F,20,23.7,2025-05-09
941,Paula Sánchez,F,54,21.84,2025-04-22
942,Miguel García,M,19,21.98,2025-03-24
943,Carmen Hernández,F,57,15.66,2025-03-14
944,María Cruz,F,43,16.99,2025-05-06
945,Clara Ramírez,F,35,18.92,2025-04-25
946,Elena Ramírez,F,41,19.44,2025-03-25
947,Elena González,F,19,13.98,2025-05-10
948,Isabel Sánchez,F,27,13.84,2025-04-29
949,Clara Ramírez,F,30,21.99,2025-04-08
950,Laura Martínez,F,21,17.4,2025-04-01
951,Ricardo López,M,22,19.41,2025-03-28
952,María Ramírez,F,48,13.06,2025-04-28
953,Isabel García,F,34,24.96,2025-04-06
954,Luis Sánchez,M,26,13.25,2025-03-26
955,Laura López,F,46,13.97,2025-03-19
956,Juan Pérez,M,41,15.6,2025-03-20
957,Isabel García,F,52,18.74,2025-05-04
958,Miguel Sánchez,M,28,21.76,2025-05-04
959,Manuel Martínez,M,21,18.07,2025-03-13
960,Laura Sánchez,F,49,12.49,2025-04-01
961,María Hernández,F,40,19.19,2025-03-26
962,Elena González,F,55,18.16,2025-04-25
963,Paula Martínez,F,43,13.47,2025-03-25
964,Paula García,F,20,23.66,2025-03-19
965,Paula Cruz,F,55,24.1,2025-04-15
966,María López,F,53,14.05,2025-04-08
967,Andrés Ramírez,M,37,21.82,2025-04-03
968,Juan García,M,45,13.25,2025-03-30
969,Pedro Martínez,M,28,18.64,2025-03-19
970,Andrés Torres,M,30,19.6,2025-04-14
971,Isabel Sánchez,F,19,22.53,2025-05-02
972,Pedro Hernández,M,24,20.57,2025-04-03
973,Miguel Ramírez,M,58,12.87,2025-04-05
974,Lucía Martínez,F,44,24.8,2025-05-07
975,Lucía Cruz,F,36,23.4,2025-05-08
976,Elena Ramírez,F,33,23.92,2025-04-30
977,María García,F,28,16.61,2025-04-29
978,Isabel Pérez,F,18,21.7,2025-05-06
979,Paula Pérez,F,41,24.89,2025-04-26
980,Pedro Cruz,M,37,24.66,2025-03-16
981,Paula Martínez,F,52,19.61,2025-03-21
982,Juan Pérez,M,31,13.65,2025-04-17
983,Carlos Sánchez,M,26,13.64,2025-03-29
984,Laura Sánchez,F,30,22.35,2025-03-13
985,Ana López,F,20,20.05,2025-05-04
986,María Sánchez,F,19,17.25,2025-04-21
987,Carlos Sánchez,M,52,14.92,2025-05-05
988,Miguel Ramírez,M,33,12.94,2025-05-07
989,Carmen Ramírez,F,46,21.34,2025-04-06
990,Lucía López,F,38,20.14,2025-04-16
991,Andrés Sánchez,M,28,22.99,2025-04-14
992,Luis González,M,44,18.17,2025-04-23
993,Ricardo Pérez,M,45,22.56,2025-04-28
994,Manuel Pérez,M,51,17.07,2025-04-01
995,Lucía Ramírez,F,43,14.79,2025-03-19
996,Andrés Sánchez,M,49,19.15,2025-03-20
997,Sofía Sánchez,F,18,19.19,2025-04-30
998,Manuel García,M,38,17.92,2025-04-13
999,Carlos Cruz,M,37,22.06,2025-05-11
1000,Diego Hernández,M,45,17.66,2025-03-18
1001,Elena Martínez,F,20,19.35,2025-03-19
1002,Diego Pérez,M,52,23.86,2025-04-07
1003,Pedro García,M,45,13.14,2025-04-20
1004,Lucía Cruz,F,35,19.47,2025-05-07
1005,Ricardo López,M,20,16.07,2025-04-07
1006,Isabel García,F,24,18.37,2025-05-10
1007,Miguel Cruz,M,23,12.95,2025-04-02
1008,Ana Sánchez,F,18,17.78,2025-03-21
1009,Juan Torres,M,27,12.45,2025-04-21
1010,Pedro Pérez,M,45,21.97,2025-03-25
1011,Lucía Cruz,F,35,22.7,2025-04-17
1012,Elena González,F,18,14.07,2025-04-14
1013,Ricardo Hernández,M,38,20.79,2025-04-02
1014,Lucía Torres,F,39,13.6,2025-04-04
1015,Elena Torres,F,55,23.0,2025-03-22
1016,Laura Ramírez,F,38,13.09,2025-05-01
1017,Ricardo Sánchez,M,38,17.58,2025-03-18
1018,Jorge González,M,26,14.46,2025-03-19
1019,Sofía González,F,33,23.85,2025-04-30
1020,Isabel López,F,30,21.85,2025-03-28
1021,Laura Pérez,F,42,15.77,2025-05-02
1022,Ana Torres,F,56,16.1,2025-03-31
1023,Diego Cruz,M,19,22.73,2025-03-21
1024,Juan López,M,48,21.23,2025-04-16
1025,Andrés Martínez,M,30,18.25,2025-04-07
1026,Miguel Pérez,M,37,23.21,2025-04-12
1027,Juan Cruz,M,20,14.94,2025-04-16
1028,Isabel Pérez,F,22,20.25,2025-04-18
1029,Jorge González,M,37,14.32,2025-04-11
1030,Miguel García,M,35,17.28,2025-03-26
1031,Carmen Martínez,F,26,12.46,2025-05-02
1032,Andrés Hernández,M,45,14.23,2025-03-12
1033,Sofía Ramírez,F,35,24.27,2025-05-09
1034,Ricardo Ramírez,M,18,24.63,2025-04-03
1035,Luis López,M,21,22.68,2025-05-01
1036,Clara López,F,26,22.41,2025-03-26
1037,Jorge García,M,46,16.07,2025-05-08
1038,Clara Ramírez,F,50,16.04,2025-04-02
1039,Lucía Hernández,F,47,23.71,2025-04-18
1040,Luis Sánchez,M,29,16.12,2025-04-21
1041,Lucía Ramírez,F,48,16.84,2025-03-25
1042,Luis Cruz,M,43,20.68,2025-04-29
1043,Laura Martínez,F,47,16.29,2025-05-08
1044,Pedro Pérez,M,44,20.06,2025-04-26
1045,Paula García,F,31,17.99,2025-04-26
1046,Luis Torres,M,39,18.61,2025-04-16
1047,Jorge Cruz,M,40,19.66,2025-03-13
1048,Isabel García,F,39,21.6,2025-05-04
1049,Paula Ramírez,F,21,12.5,2025-03-16
1050,Jorge García,M,42,23.73,2025-03-21
1051,Luis Ramírez,M,49,21.8,2025-05-09
1052,Jorge Martínez,M,38,24.61,2025-03-24
1053,Paula López,F,33,18.67,2025-05-05
1054,Miguel Torres,M,55,21.45,2025-04-30
1055,Clara Pérez,F,38,14.24,2025-04-05
1056,Miguel Sánchez,M,54,24.24,2025-04-02
1057,Clara Ramírez,F,28,12.04,2025-04-11
1058,Ricardo Cruz,M,24,16.91,2025-03-16
1059,Elena Cruz,F,20,13.37,2025-05-03
1060,Andrés Pérez,M,50,13.43,2025-03-27
1061,Manuel Hernández,M,27,14.47,2025-04-12
1062,Diego Sánchez,M,28,20.93,2025-04-01
1063,Manuel Pérez,M,36,19.43,2025-04-20
1064,Elena López,F,23,21.64,2025-03-23
1065,Luis Sánchez,M,56,14.23,2025-03-21
1066,Laura López,F,43,24.12,2025-05-06
1067,Sofía González,F,24,19.56,2025-04-12
1068,Laura Cruz,F,20,15.78,2025-03-29
1069,Carlos García,M,26,21.67,2025-03-14
1070,María García,F,52,17.14,2025-04-18
1071,Ana García,F,48,21.95,2025-04-07
1072,Sofía Hernández,F,46,14.97,2025-04-19
1073,Ricardo Hernández,M,41,12.69,2025-03-27
1074,Andrés García,M,46,16.05,2025-03-15
1075,Carlos Cruz,M,53,17.98,2025-03-19
1076,Luis Torres,M,28,21.33,2025-03-22
1077,Carlos López,M,35,23.38,2025-03-17
1078,Andrés Pérez,M,18,15.82,2025-04-07
1079,Jorge González,M,38,19.01,2025-03-27
1080,Manuel Hernández,M,18,20.61,2025-04-22
1081,Ricardo Martínez,M,26,20.11,2025-04-01
1082,Carlos Pérez,M,20,21.2,2025-04-17
1083,Carmen Hernández,F,48,20.52,2025-04-11
1084,Sofía González,F,44,17.98,2025-04-17
1085,Pedro Ramírez,M,27,17.49,2025-04-13
1086,Ricardo Sánchez,M,27,16.81,2025-05-07
1087,Elena Cruz,F,19,14.79,2025-04-22
1088,Clara López,F,43,20.27,2025-04-05
1089,Sofía Hernández,F,34,15.65,2025-03-16
1090,Isabel Martínez,F,45,15.65,2025-04-17
1091,Laura Cruz,F,41,17.73,2025-05-09
1092,Ricardo Ramírez,M,33,22.3,2025-05-08
1093,Andrés González,M,44,24.45,2025-03-28
1094,Diego Sánchez,M,52,17.37,2025-04-29
1095,Elena Ramírez,F,31,20.67,2025-04-06
1096,Carmen García,F,56,19.96,2025-04-07
1097,Laura Hernández,F,38,17.71,2025-04-14
1098,Luis Ramírez,M,53,24.64,2025-03-13
1099,Luis Sánchez,M,40,23.63,2025-03-20
1100,Ricardo Sánchez,M,44,23.01,2025-04-09
1101,Carlos Martínez,M,23,19.25,2025-04-13
1102,Lucía Torres,F,56,15.36,2025-03-12
1103,Luis González,M,27,16.82,2025-04-04
1104,María López,F,57,19.63,2025-03-12
1105,Elena Pérez,F,39,20.32,2025-04-02
1106,Pedro Torres,M,50,24.51,2025-05-07
1107,María García,F,35,23.95,2025-04-21
1108,Ana Cruz,F,43,16.47,2025-04-23
1109,Lucía Ramírez,F,57,20.71,2025-04-20
1110,Elena González,F,18,15.41,2025-04-02
1111,Ana Martínez,F,58,17.3,2025-04-08
1112,Carmen Martínez,F,24,14.76,2025-03-13
1113,Miguel Torres,M,44,15.92,2025-03-26
1114,Luis Hernández,M,49,23.4,2025-05-06
1115,Carmen Hernández,F,33,21.56,2025-03-23
1116,Miguel Hernández,M,41,14.83,2025-03-19
1117,Carmen Torres,F,54,18.43,2025-04-11
1118,Clara Martínez,F,55,15.2,2025-04-28
1119,Luis Pérez,M,58,16.72,2025-04-26
1120,Pedro Cruz,M,52,12.26,2025-04-08
1121,Carlos Pérez,M,49,22.48,2025-03-17
1122,Laura López,F,35,17.75,2025-05-11
1123,Clara Hernández,F,26,12.33,2025-04-15
1124,Carmen García,F,25,13.2,2025-04-04
1125,Jorge Cruz,M,41,15.69,2025-03-28
1126,María García,F,19,16.13,2025-04-21
1127,Manuel Martínez,M,44,22.59,2025-05-06
1128,Carlos García,M,29,17.76,2025-04-18
1129,Carmen Pérez,F,53,19.44,2025-04-24
1130,Paula Cruz,F,18,23.44,2025-03-22
1131,Luis Torres,M,40,13.05,2025-03-31
1132,Luis Pérez,M,53,21.81,2025-03-15
1133,Clara Martínez,F,30,24.06,2025-03-26
1134,Diego Sánchez,M,21,19.13,2025-04-20
1135,Diego López,M,19,23.11,2025-04-10
1136,Juan González,M,20,17.31,2025-04-11
1137,Isabel Sánchez,F,46,12.04,2025-04-10
1138,Manuel García,M,35,19.54,2025-04-28
1139,Jorge Cruz,M,53,20.28,2025-04-04
1140,Carlos González,M,37,20.46,2025-03-21
1141,Sofía Torres,F,28,14.44,2025-04-04
1142,Clara González,F,58,24.65,2025-05-06
1143,Pedro González,M,43,23.89,2025-04-04
1144,Elena Martínez,F,19,20.67,2025-05-01
1145,Laura González,F,51,22.33,2025-04-11
1146,Luis Pérez,M,18,22.92,2025-05-04
1147,Andrés Martínez,M,40,21.57,2025-05-07
1148,Laura Sánchez,F,52,14.12,2025-04-04
1149,Carlos Sánchez,M,29,21.75,2025-04-12
1150,Laura Ramírez,F,33,20.06,2025-03-15
1151,Laura Pérez,F,30,14.81,2025-04-23
1152,Clara Martínez,F,39,18.89,2025-05-06
1153,Luis González,M,27,16.21,2025-03-21
1154,María Hernández,F,19,14.05,2025-05-04
1155,Ana García,F,47,12.26,2025-05-01
1156,Luis García,M,23,19.53,2025-03-12
1157,Laura Hernández,F,40,14.54,2025-04-28
1158,Diego Ramírez,M,35,21.04,2025-05-07
1159,Isabel Cruz,F,40,13.04,2025-05-01
1160,Diego García,M,36,16.04,2025-05-10
1161,Andrés González,M,30,21.39,2025-03-30
1162,Andrés Martínez,M,28,20.71,2025-04-14
1163,Sofía Martínez,F,29,15.13,2025-04-19
1164,Miguel Cruz,M,48,20.55,2025-04-12
1165,Diego Martínez,M,49,16.45,2025-03-30
1166,Manuel Pérez,M,39,12.89,2025-04-15
1167,Laura Martínez,F,27,15.12,2025-04-21
1168,Clara López,F,34,14.42,2025-04-08
1169,María Torres,F,41,19.04,2025-03-14
1170,Laura García,F,19,18.49,2025-03-19
1171,Ricardo Hernández,M,36,23.16,2025-04-28
1172,Miguel Cruz,M,44,13.1,2025-04-12
1173,Carlos Ramírez,M,22,20.86,2025-05-02
1174,Miguel García,M,37,16.62,2025-04-22
1175,Luis Martínez,M,54,15.7,2025-04-18
1176,Clara Sánchez,F,18,20.03,2025-04-02
1177,Isabel Hernández,F,58,20.73,2025-05-06
1178,Ricardo Sánchez,M,24,12.39,2025-05-01
1179,Carlos García,M,55,18.45,2025-05-05
1180,Laura González,F,35,17.89,2025-04-26
1181,Pedro Torres,M,21,15.34,2025-05-05
1182,María Martínez,F,54,18.09,2025-03-24
1183,Jorge Cruz,M,22,19.62,2025-05-06
1184,María Cruz,F,39,19.31,2025-04-09
1185,Elena Cruz,F,35,12.4,2025-03-22
1186,Jorge Cruz,M,44,15.93,2025-05-07
1187,María Torres,F,26,15.27,2025-04-23
1188,Lucía Torres,F,21,15.89,2025-04-09
1189,Carlos González,M,29,13.07,2025-04-01
1190,Pedro Cruz,M,49,23.9,2025-03-26
1191,Isabel Torres,F,57,12.16,2025-03-20
1192,Carmen Torres,F,36,13.67,2025-03-18
1193,Sofía Sánchez,F,39,22.77,2025-04-01
1194,Sofía González,F,47,23.72,2025-05-03
1195,Carlos Sánchez,M,21,21.74,2025-03-29
1196,Laura Hernández,F,41,16.28,2025-03-27
1197,Paula Martínez,F,40,13.4,2025-05-01
1198,Pedro Ramírez,M,47,16.59,2025-04-22
1199,Laura García,F,22,20.19,2025-04-12
1200,Juan Cruz,M,54,17.93,2025-03-18
1201,Andrés Cruz,M,54,12.63,2025-03-29
1202,Juan Martínez,M,51,13.34,2025-03-26
1203,Manuel Sánchez,M,32,13.43,2025-04-04
1204,Jorge Torres,M,33,24.43,2025-05-10
1205,Ana Ramírez,F,39,24.86,2025-03-24
1206,Paula González,F,56,17.64,2025-04-19
1207,Luis Hernández,M,28,16.63,2025-03-21
1208,Elena Sánchez,F,54,18.96,2025-04-06
1209,Ana Martínez,F,41,19.48,2025-05-08
1210,Luis Sánchez,M,21,17.72,2025-04-07
1211,Miguel Cruz,M,40,23.69,2025-03-30
1212,Diego Ramírez,M,44,17.98,2025-04-01
1213,Jorge Pérez,M,21,18.12,2025-03-16
1214,Lucía Hernández,F,25,19.58,2025-04-19
1215,Manuel Cruz,M,43,24.6,2025-03-29
1216,Carlos Hernández,M,46,16.23,2025-04-10
1217,Laura Ramírez,F,35,18.06,2025-04-12
1218,Paula Torres,F,54,17.09,2025-03-14
1219,Diego García,M,35,23.91,2025-05-08
1220,Laura González,F,51,20.92,2025-03-31
1221,Pedro Ramírez,M,32,15.04,2025-03-15
1222,Lucía Cruz,F,44,12.25,2025-04-30
1223,Paula Cruz,F,23,18.46,2025-03-19
1224,Juan Sánchez,M,37,21.83,2025-05-10
1225,Laura Ramírez,F,52,15.48,2025-03-13
1226,Laura Martínez,F,40,22.22,2025-03-29
1227,Ana Sánchez,F,23,14.73,2025-05-06
1228,Manuel Pérez,M,46,17.7,2025-04-23
1229,Miguel García,M,28,20.78,2025-04-01
1230,Pedro Sánchez,M,35,13.06,2025-03-14
1231,Andrés Ramírez,M,37,24.48,2025-05-11
1232,Pedro Pérez,M,53,23.97,2025-03-23
1233,Jorge Cruz,M,19,19.39,2025-04-16
1234,Andrés López,M,25,22.29,2025-03-12
1235,Manuel Cruz,M,35,13.02,2025-04-06
1236,María Sánchez,F,32,17.81,2025-04-23
1237,Isabel González,F,32,17.44,2025-04-05
1238,Carmen López,F,20,18.38,2025-05-10
1239,Carlos Sánchez,M,50,23.35,2025-04-25
1240,Clara Ramírez,F,42,21.28,2025-04-27
1241,Laura Hernández,F,36,21.12,2025-03-31
1242,Pedro Hernández,M,48,24.05,2025-03-29
1243,Carmen Ramírez,F,45,21.29,2025-04-08
1244,Ana López,F,51,16.77,2025-04-10
1245,Carlos Pérez,M,58,22.79,2025-04-02
1246,Jorge Sánchez,M,24,13.35,2025-03-16
1247,Sofía González,F,56,19.58,2025-04-05
1248,Carmen Torres,F,50,24.42,2025-03-15
1249,Ricardo López,M,18,22.02,2025-04-07
1250,Laura Hernández,F,55,18.7,2025-03-20
1251,Manuel Ramírez,M,28,24.58,2025-03-21
1252,Luis Martínez,M,50,12.89,2025-03-31
1253,Carmen González,F,57,22.57,2025-03-17
1254,Clara Ramírez,F,22,14.77,2025-03-16
1255,Ana Ramírez,F,33,21.62,2025-03-16
1256,Clara Cruz,F,42,16.41,2025-05-09
1257,Elena Ramírez,F,49,19.0,2025-04-03
1258,Sofía González,F,37,16.42,2025-03-16
1259,Isabel Martínez,F,19,21.56,2025-03-23
1260,Pedro García,M,27,22.86,2025-04-13
1261,Laura López,F,56,19.62,2025-04-18
1262,Manuel Sánchez,M,31,19.5,2025-03-20
1263,Luis Ramírez,M,33,21.21,2025-03-30
1264,Lucía Cruz,F,20,24.55,2025-05-04
1265,Diego Torres,M,50,13.66,2025-05-06
1266,Diego Hernández,M,36,15.34,2025-03-14
1267,Elena Cruz,F,51,22.48,2025-04-05
1268,Luis Pérez,M,36,24.17,2025-04-20
1269,Miguel Torres,M,49,12.21,2025-05-10
1270,Miguel López,M,48,16.53,2025-04-30
1271,Miguel García,M,32,12.36,2025-03-16
1272,Jorge Cruz,M,49,19.58,2025-05-06
1273,Elena Sánchez,F,19,24.46,2025-03-19
1274,Sofía Martínez,F,45,18.18,2025-05-11
1275,Miguel Ramírez,M,53,22.21,2025-04-24
1276,Jorge López,M,56,15.64,2025-05-03
1277,Sofía Ramírez,F,52,19.72,2025-05-04
1278,Clara Ramírez,F,49,19.34,2025-04-07
1279,María Torres,F,35,21.96,2025-03-27
1280,Pedro Martínez,M,43,20.15,2025-03-15
1281,Sofía Sánchez,F,31,18.24,2025-04-29
1282,Luis García,M,44,15.62,2025-04-05
1283,Ana Ramírez,F,28,18.85,2025-04-25
1284,Isabel González,F,55,24.2,2025-03-26
1285,Elena Cruz,F,22,21.2,2025-05-06
1286,Ana Torres,F,31,16.42,2025-04-15
1287,Miguel Torres,M,57,17.62,2025-04-12
1288,Manuel Hernández,M,25,12.84,2025-03-15
1289,Elena Hernández,F,50,17.73,2025-04-27
1290,Manuel Martínez,M,30,13.82,2025-04-25
1291,Manuel López,M,39,19.86,2025-03-20
1292,Lucía Sánchez,F,25,14.67,2025-05-07
1293,Lucía Ramírez,F,38,24.18,2025-03-25
1294,Andrés Ramírez,M,54,19.01,2025-04-04
1295,Sofía Sánchez,F,21,15.48,2025-03-20
1296,Pedro Torres,M,42,19.69,2025-04-26
1297,Clara Ramírez,F,19,17.91,2025-04-08
1298,María Torres,F,22,18.72,2025-04-10
1299,Luis Pérez,M,22,12.3,2025-04-03
1300,Clara García,F,29,19.54,2025-03-23
1301,Diego García,M,40,14.35,2025-04-12
1302,María Sánchez,F,25,19.21,2025-04-15
1303,Ana Sánchez,F,51,18.07,2025-04-18
1304,Juan Pérez,M,40,13.74,2025-03-31
1305,Jorge Pérez,M,34,23.55,2025-05-10
1306,Isabel Pérez,F,56,22.93,2025-04-06
1307,Pedro Sánchez,M,35,18.9,2025-04-05
1308,Pedro Ramírez,M,28,21.72,2025-05-07
1309,Jorge González,M,31,17.57,2025-03-16
1310,María Hernández,F,41,21.87,2025-04-20
1311,Juan García,M,55,14.49,2025-05-11
1312,Ricardo López,M,47,15.82,2025-03-29
1313,María López,F,26,14.52,2025-04-14
1314,Clara Hernández,F,55,16.74,2025-03-30
1315,Sofía Ramírez,F,41,23.2,2025-05-03
1316,María Cruz,F,36,19.54,2025-03-27
1317,Isabel Cruz,F,19,17.76,2025-05-05
1318,Sofía González,F,38,18.35,2025-03-17
1319,Clara Hernández,F,42,23.51,2025-05-03
1320,Sofía Cruz,F,54,15.08,2025-03-12
1321,Miguel Ramírez,M,28,21.22,2025-04-22
1322,Miguel López,M,28,24.65,2025-04-04
1323,Juan Torres,M,27,16.98,2025-05-10
1324,Ricardo Hernández,M,38,24.17,2025-03-29
1325,Jorge González,M,52,18.17,2025-04-05
1326,Laura García,F,52,14.08,2025-04-12
1327,Elena Hernández,F,49,24.45,2025-03-25
1328,María Sánchez,F,57,15.92,2025-04-22
1329,Clara Torres,F,23,14.89,2025-05-10
1330,Manuel Sánchez,M,52,15.13,2025-04-13
1331,Sofía Torres,F,44,13.86,2025-03-17
1332,Carmen López,F,35,14.01,2025-03-25
1333,Ricardo Martínez,M,45,20.92,2025-04-17
1334,Pedro López,M,51,21.82,2025-03-20
1335,Clara Hernández,F,39,19.13,2025-04-23
1336,Luis Ramírez,M,50,22.03,2025-03-12
1337,Pedro Hernández,M,37,20.5,2025-04-20
1338,Jorge Pérez,M,36,18.94,2025-03-31
1339,Manuel Hernández,M,56,12.22,2025-04-29
1340,Carlos García,M,41,21.26,2025-04-02
1341,Ricardo González,M,23,16.66,2025-03-16
1342,Elena Ramírez,F,25,16.55,2025-04-03
1343,Isabel Sánchez,F,50,17.88,2025-04-19
1344,Sofía Pérez,F,47,21.13,2025-04-15
1345,Carlos Sánchez,M,31,24.19,2025-04-16
1346,Manuel Torres,M,19,16.88,2025-04-01
1347,Jorge Cruz,M,57,14.35,2025-05-06
1348,Elena García,F,42,18.5,2025-05-10
1349,Manuel Ramírez,M,58,19.21,2025-05-09
1350,Luis Torres,M,41,16.37,2025-04-08
1351,Andrés Hernández,M,44,18.11,2025-03-14
1352,María Martínez,F,41,19.51,2025-04-12
1353,Paula Torres,F,58,20.21,2025-04-22
1354,Luis Torres,M,22,18.5,2025-04-09
1355,Diego Sánchez,M,31,17.58,2025-05-08
1356,Juan Cruz,M,25,13.94,2025-03-13
1357,Lucía Sánchez,F,29,20.75,2025-03-26
1358,Juan Torres,M,20,24.64,2025-05-05
1359,Lucía Ramírez,F,43,24.69,2025-04-10
1360,Andrés Ramírez,M,53,21.68,2025-03-22
1361,Pedro González,M,26,16.11,2025-04-18
1362,Ana Torres,F,25,21.09,2025-03-22
1363,María Torres,F,26,18.95,2025-05-05
1364,María González,F,42,24.13,2025-03-12
1365,Diego Pérez,M,35,13.76,2025-04-15
1366,Laura Sánchez,F,52,24.8,2025-04-04
1367,Luis Hernández,M,19,24.7,2025-03-12
1368,Carmen Pérez,F,45,22.61,2025-05-08
1369,Diego Cruz,M,49,16.91,2025-05-05
1370,Juan García,M,19,15.5,2025-05-07
1371,Laura López,F,34,24.37,2025-03-31
1372,Jorge García,M,57,13.5,2025-03-18
1373,María Martínez,F,41,18.12,2025-03-28
1374,Elena Torres,F,28,18.95,2025-04-03
1375,Manuel Hernández,M,52,18.54,2025-03-14
1376,María Hernández,F,18,18.02,2025-05-02
1377,Andrés Ramírez,M,52,21.2,2025-04-19
1378,Lucía Torres,F,31,20.71,2025-04-03
1379,Sofía Cruz,F,23,15.49,2025-04-04
1380,Isabel Martínez,F,19,22.44,2025-03-21
1381,Carlos López,M,22,17.36,2025-04-24
1382,Miguel González,M,55,16.37,2025-04-23
1383,Manuel Torres,M,19,23.87,2025-04-07
1384,Diego López,M,41,23.63,2025-03-24
1385,Carlos Pérez,M,56,18.46,2025-03-14
1386,Manuel Martínez,M,28,14.9,2025-04-03
1387,Jorge Torres,M,27,23.84,2025-04-07
1388,Miguel Ramírez,M,25,19.6,2025-05-10
1389,Isabel Torres,F,49,15.54,2025-03-25
1390,Ricardo Hernández,M,24,22.47,2025-04-23
1391,Lucía Sánchez,F,52,17.14,2025-03-26
1392,Luis González,M,37,21.89,2025-03-26
1393,Clara Pérez,F,23,19.71,2025-04-01
1394,Carlos Torres,M,41,21.41,2025-03-14
1395,Sofía Hernández,F,46,23.95,2025-05-02
1396,Sofía Pérez,F,42,12.49,2025-04-01
1397,Manuel López,M,25,20.6,2025-04-22
1398,Ana Torres,F,42,22.23,2025-04-17
1399,Lucía García,F,19,20.85,2025-05-09
1400,Carmen Cruz,F,39,13.26,2025-03-17
1401,Ricardo López,M,24,22.15,2025-03-21
1402,Isabel Cruz,F,50,23.88,2025-05-01
1403,Elena García,F,20,13.13,2025-03-21
1404,Lucía García,F,40,22.87,2025-04-30
1405,Ricardo Pérez,M,37,19.46,2025-03-30
1406,Luis González,M,21,17.68,2025-04-15
1407,Sofía Torres,F,53,18.23,2025-04-05
1408,Isabel Sánchez,F,34,14.45,2025-04-27
1409,Miguel Pérez,M,54,23.02,2025-04-06
1410,Lucía Sánchez,F,21,23.42,2025-03-21
1411,Ricardo Cruz,M,42,15.49,2025-04-02
1412,Ricardo Ramírez,M,43,19.83,2025-04-28
1413,Pedro Pérez,M,22,22.83,2025-04-30
1414,Juan López,M,51,20.39,2025-05-10
1415,Elena López,F,33,15.34,2025-04-05
1416,Miguel Ramírez,M,38,24.88,2025-04-22
1417,Andrés Cruz,M,30,16.6,2025-04-22
1418,Carlos Pérez,M,27,18.5,2025-03-27
1419,Carmen Pérez,F,37,24.29,2025-05-11
1420,Lucía González,F,27,18.65,2025-04-20
1421,Ricardo López,M,28,16.93,2025-04-15
1422,Pedro Hernández,M,28,12.88,2025-03-30
1423,Andrés Cruz,M,39,14.0,2025-05-10
1424,Ana Sánchez,F,58,18.15,2025-04-19
1425,Clara Cruz,F,25,16.34,2025-03-26
1426,Ricardo Sánchez,M,53,22.75,2025-04-06
1427,Luis Torres,M,28,13.31,2025-05-01
1428,Elena López,F,41,22.71,2025-05-01
1429,Andrés Sánchez,M,54,24.7,2025-03-14
1430,Elena Pérez,F,41,16.02,2025-04-25
1431,Luis López,M,30,23.58,2025-03-26
1432,Ana Pérez,F,19,24.12,2025-04-02
1433,Carmen Hernández,F,47,16.36,2025-04-28
1434,Carlos González,M,37,20.05,2025-05-05
1435,Luis Torres,M,46,12.82,2025-05-08
1436,Sofía López,F,37,17.14,2025-04-26
1437,Jorge Hernández,M,30,13.79,2025-05-04
1438,Luis López,M,28,12.76,2025-04-27
1439,Manuel Martínez,M,58,22.16,2025-03-15
1440,Jorge López,M,39,18.52,2025-04-23
1441,Laura González,F,30,22.23,2025-04-22
1442,Laura Ramírez,F,47,22.17,2025-04-05
1443,Elena García,F,40,21.48,2025-03-21
1444,Carmen Torres,F,42,23.6,2025-03-14
1445,Ana López,F,48,21.31,2025-04-13
1446,Clara Martínez,F,54,12.63,2025-03-29
1447,Luis Cruz,M,57,24.17,2025-03-25
1448,Ricardo Hernández,M,42,17.58,2025-03-22
1449,María López,F,35,22.36,2025-04-24
1450,Manuel Hernández,M,35,21.85,2025-05-10
1451,Clara Hernández,F,52,13.79,2025-04-23
1452,Pedro Sánchez,M,50,23.47,2025-03-26
1453,Sofía Hernández,F,52,20.2,2025-04-29
1454,Manuel Martínez,M,29,20.7,2025-03-26
1455,Jorge Sánchez,M,44,21.88,2025-05-05
1456,Clara González,F,32,14.59,2025-04-29
1457,Lucía Torres,F,20,15.14,2025-04-11
1458,Isabel García,F,30,18.61,2025-03-24
1459,Manuel Pérez,M,43,18.6,2025-04-18
1460,Juan López,M,39,19.27,2025-04-10
1461,Paula Sánchez,F,30,18.18,2025-04-14
1462,Jorge García,M,25,12.65,2025-04-22
1463,Sofía López,F,42,20.85,2025-04-12
1464,Pedro González,M,33,21.26,2025-03-26
1465,Clara Martínez,F,34,17.28,2025-04-24
1466,Andrés Ramírez,M,32,17.25,2025-04-09
1467,Carlos Pérez,M,19,16.32,2025-04-02
1468,Pedro Ramírez,M,37,13.73,2025-03-25
1469,Carmen Cruz,F,27,17.86,2025-04-09
1470,Andrés Sánchez,M,36,15.2,2025-04-02
1471,Laura García,F,29,23.89,2025-04-23
1472,Andrés Cruz,M,43,19.65,2025-04-23
1473,Ana Torres,F,25,23.85,2025-03-22
1474,Carlos Martínez,M,41,20.23,2025-03-27
1475,Carlos González,M,31,13.47,2025-04-17
1476,Ana Martínez,F,30,14.36,2025-04-25
1477,Pedro Martínez,M,33,24.61,2025-05-06
1478,Paula López,F,21,18.21,2025-04-04
1479,Isabel Cruz,F,44,13.86,2025-04-24
1480,Isabel López,F,49,23.84,2025-05-07
1481,Jorge López,M,40,20.43,2025-03-22
1482,Elena Sánchez,F,38,22.34,2025-05-05
1483,María Pérez,F,26,13.91,2025-03-17
1484,Miguel Ramírez,M,55,24.96,2025-04-25
1485,Laura Ramírez,F,45,20.36,2025-04-07
1486,Sofía Ramírez,F,47,18.15,2025-03-15
1487,Laura López,F,21,19.11,2025-05-02
1488,Laura Torres,F,50,13.16,2025-04-21
1489,Ricardo Cruz,M,56,14.86,2025-04-17
1490,Clara González,F,56,19.52,2025-03-29
1491,Carmen Hernández,F,37,17.54,2025-04-10
1492,Laura García,F,54,16.7,2025-04-23
1493,Lucía Hernández,F,36,18.47,2025-03-23
1494,Elena Ramírez,F,22,16.44,2025-03-18
1495,Clara Cruz,F,39,15.03,2025-03-28
1496,Ricardo Martínez,M,26,15.17,2025-03-22
1497,Ricardo Torres,M,20,22.54,2025-04-03
1498,Miguel Torres,M,58,16.59,2025-05-08
1499,Ana Ramírez,F,18,20.4,2025-04-18
1500,Ana Pérez,F,44,19.58,2025-05-09
1501,Sofía Martínez,F,58,16.26,2025-04-03
1502,Juan Pérez,M,47,21.04,2025-04-04
1503,Diego Sánchez,M,18,24.4,2025-04-29
1504,Ricardo López,M,24,12.2,2025-05-07
1505,Diego García,M,35,21.63,2025-04-22
1506,Elena Torres,F,57,21.13,2025-04-20
1507,María Pérez,F,43,22.37,2025-04-14
1508,Carmen Sánchez,F,52,22.19,2025-04-12
1509,Ana Pérez,F,42,15.05,2025-05-01
1510,Diego Martínez,M,32,13.76,2025-05-03
1511,Juan Sánchez,M,47,24.8,2025-04-02
1512,Miguel Ramírez,M,36,17.44,2025-03-24
1513,Diego Torres,M,46,21.29,2025-03-21
1514,Juan Ramírez,M,26,19.59,2025-03-16
1515,Elena Ramírez,F,57,22.8,2025-04-12
1516,Laura Ramírez,F,36,24.88,2025-03-29
1517,Ricardo Sánchez,M,44,15.25,2025-03-21
1518,María Martínez,F,18,16.63,2025-04-27
1519,Carmen Hernández,F,46,14.1,2025-04-30
1520,Clara Ramírez,F,45,13.02,2025-05-02
1521,Clara Pérez,F,48,14.89,2025-03-24
1522,Carlos Sánchez,M,51,13.08,2025-04-07
1523,Pedro García,M,58,16.01,2025-04-04
1524,María Hernández,F,24,24.25,2025-04-26
1525,Carlos López,M,42,16.02,2025-03-29
1526,Laura Martínez,F,42,19.64,2025-04-06
1527,Laura Pérez,F,48,12.33,2025-03-27
1528,Elena Hernández,F,19,19.35,2025-03-30
1529,Carmen Sánchez,F,27,15.11,2025-03-25
1530,Elena Ramírez,F,33,19.04,2025-03-29
1531,Manuel López,M,25,16.99,2025-04-08
1532,Isabel Sánchez,F,18,14.54,2025-04-30
1533,Carmen Torres,F,48,14.98,2025-03-22
1534,Ana González,F,54,20.18,2025-03-20
1535,Juan Cruz,M,25,22.85,2025-04-12
1536,Lucía López,F,40,12.08,2025-04-20
1537,Miguel Torres,M,19,24.86,2025-05-02
1538,Carmen López,F,30,24.69,2025-05-02
1539,Ana López,F,46,23.96,2025-03-30
1540,Lucía Hernández,F,47,23.27,2025-04-10
1541,Andrés Pérez,M,31,24.82,2025-04-03
1542,Manuel Sánchez,M,27,16.07,2025-04-14
1543,Miguel Cruz,M,41,16.53,2025-05-08
1544,Isabel González,F,20,22.76,2025-05-06
1545,Andrés Sánchez,M,30,23.35,2025-04-06
1546,Luis Hernández,M,36,19.73,2025-04-24
1547,Miguel Hernández,M,44,24.38,2025-03-22
1548,Laura López,F,19,19.37,2025-05-01
1549,Clara García,F,47,18.91,2025-05-06
1550,Manuel García,M,20,21.23,2025-03-28
1551,Paula García,F,49,16.72,2025-04-11
1552,Luis González,M,51,13.51,2025-04-21
1553,Laura Martínez,F,40,21.3,2025-05-03
1554,Jorge Hernández,M,56,24.92,2025-04-17
1555,Andrés Sánchez,M,55,24.97,2025-04-20
1556,Juan Ramírez,M,36,13.39,2025-04-21
1557,Clara García,F,42,16.18,2025-04-24
1558,Carlos González,M,45,22.95,2025-04-14
1559,Pedro López,M,30,20.8,2025-03-30
1560,Clara García,F,36,16.48,2025-04-15
1561,María González,F,31,21.44,2025-05-06
1562,Diego Ramírez,M,40,24.02,2025-04-28
1563,Laura Pérez,F,50,15.56,2025-04-20
1564,Jorge González,M,37,13.56,2025-03-17
1565,Jorge Cruz,M,51,24.31,2025-03-16
1566,Carmen Ramírez,F,38,18.07,2025-03-24
1567,Ana Cruz,F,43,23.63,2025-05-02
1568,Clara Pérez,F,46,21.52,2025-05-01
1569,Clara González,F,52,22.11,2025-04-21
1570,Carlos López,M,57,20.71,2025-05-06
1571,Andrés Martínez,M,57,19.68,2025-04-30
1572,María Cruz,F,41,23.39,2025-04-29
1573,Jorge Torres,M,57,23.29,2025-03-23
1574,Luis González,M,50,16.28,2025-04-30
1575,Laura González,F,58,18.17,2025-04-30
1576,Ricardo González,M,32,17.19,2025-04-27
1577,Andrés Sánchez,M,28,15.96,2025-03-12
1578,Carlos Hernández,M,29,17.73,2025-05-09
1579,Ricardo Pérez,M,31,20.12,2025-04-03
1580,Lucía Cruz,F,50,15.77,2025-04-22
1581,Ricardo García,M,51,18.04,2025-03-18
1582,Miguel García,M,44,22.34,2025-03-27
1583,Miguel Martínez,M,27,14.22,2025-04-10
1584,Isabel Hernández,F,26,20.1,2025-03-12
1585,Paula López,F,44,23.11,2025-05-04
1586,Juan Cruz,M,19,23.84,2025-03-23
1587,Isabel García,F,43,23.45,2025-03-15
1588,Paula Pérez,F,58,24.48,2025-04-16
1589,Andrés Martínez,M,42,14.87,2025-04-10
1590,Carmen Cruz,F,47,13.66,2025-03-21
1591,María Pérez,F,46,12.59,2025-04-10
1592,María Pérez,F,18,14.11,2025-04-13
1593,Lucía Hernández,F,19,19.38,2025-03-19
1594,Elena Torres,F,18,19.11,2025-04-11
1595,María González,F,52,14.0,2025-05-01
1596,Pedro Hernández,M,28,23.33,2025-05-10
1597,Miguel Cruz,M,23,12.45,2025-04-07
1598,Pedro Ramírez,M,42,22.67,2025-03-13
1599,Juan López,M,45,20.11,2025-03-15
1600,Miguel López,M,33,19.87,2025-03-24
1601,Clara López,F,52,15.54,2025-05-07
1602,Manuel García,M,49,19.47,2025-03-29
1603,Diego Martínez,M,45,16.61,2025-03-30
1604,María González,F,29,12.48,2025-04-02
1605,María López,F,33,13.6,2025-04-09
1606,Laura González,F,38,22.55,2025-03-22
1607,Elena López,F,18,24.18,2025-04-24
1608,Juan Cruz,M,19,22.24,2025-04-11
1609,Andrés Pérez,M,24,18.59,2025-04-23
1610,Paula Cruz,F,31,16.71,2025-03-17
1611,Ricardo Cruz,M,31,19.55,2025-03-30
1612,Clara Pérez,F,58,24.86,2025-04-26
1613,Juan Pérez,M,20,21.08,2025-03-20
1614,Manuel González,M,39,12.78,2025-03-12
1615,Carmen González,F,29,22.86,2025-04-20
1616,Andrés Pérez,M,47,16.55,2025-03-22
1617,Elena Martínez,F,49,13.14,2025-05-05
1618,Isabel Sánchez,F,27,22.47,2025-04-30
1619,Laura Ramírez,F,19,16.74,2025-05-05
1620,Juan Hernández,M,38,23.39,2025-04-13
1621,Paula García,F,38,24.75,2025-03-26
1622,Isabel González,F,21,24.96,2025-03-18
1623,Isabel González,F,27,21.37,2025-03-30
1624,Carmen Sánchez,F,54,19.91,2025-04-04
1625,Lucía Sánchez,F,33,21.06,2025-04-10
1626,Jorge Pérez,M,39,17.43,2025-05-06
1627,Ana Sánchez,F,54,16.78,2025-04-12
1628,Pedro Ramírez,M,35,19.65,2025-03-19
1629,Lucía Torres,F,21,13.6,2025-04-01
1630,Diego Hernández,M,20,12.98,2025-04-01
1631,Carmen Torres,F,40,17.27,2025-04-11
1632,Andrés Ramírez,M,40,24.25,2025-03-20
1633,Jorge Cruz,M,39,17.27,2025-04-21
1634,Miguel Cruz,M,21,22.83,2025-03-15
1635,Ana Ramírez,F,32,24.91,2025-04-09
1636,Andrés Ramírez,M,56,23.22,2025-03-18
1637,Carmen García,F,27,12.48,2025-04-08
1638,Pedro Torres,M,22,21.23,2025-03-26
1639,Diego Pérez,M,29,24.45,2025-04-18
1640,Isabel García,F,44,19.2,2025-03-15
1641,Miguel Cruz,M,18,12.14,2025-04-04
1642,Luis García,M,26,15.57,2025-04-22
1643,Elena González,F,44,15.66,2025-05-03
1644,Clara Pérez,F,36,22.55,2025-04-08
1645,Sofía González,F,29,21.36,2025-03-14
1646,Carmen Martínez,F,38,16.06,2025-05-03
1647,Ricardo Hernández,M,52,17.78,2025-05-07
1648,Andrés Martínez,M,30,23.65,2025-04-15
1649,Carlos González,M,46,14.45,2025-04-09
1650,Luis Cruz,M,36,14.15,2025-04-16
1651,Sofía López,F,42,15.21,2025-04-05
1652,Elena Pérez,F,22,22.25,2025-04-24
1653,Juan Cruz,M,40,16.27,2025-04-11
1654,Miguel López,M,28,16.9,2025-04-09
1655,Luis González,M,29,18.7,2025-03-21
1656,Carlos Ramírez,M,30,17.23,2025-05-09
1657,Ana López,F,22,18.34,2025-04-13
1658,Lucía Pérez,F,20,18.37,2025-04-29
1659,Lucía Ramírez,F,56,21.04,2025-04-29
1660,Juan Hernández,M,21,23.0,2025-04-21
1661,Laura Torres,F,39,14.26,2025-04-05
1662,Carmen Ramírez,F,49,13.65,2025-03-13
1663,Pedro Sánchez,M,45,17.77,2025-04-12
1664,Luis López,M,40,18.78,2025-03-24
1665,Elena Martínez,F,40,21.45,2025-04-23
1666,Andrés Torres,M,21,22.41,2025-05-06
1667,Andrés García,M,40,19.21,2025-04-21
1668,Juan Ramírez,M,19,19.18,2025-03-15
1669,Andrés García,M,33,19.34,2025-05-11
1670,Isabel Sánchez,F,28,20.01,2025-04-26
1671,Diego Pérez,M,28,12.15,2025-04-07
1672,Juan López,M,55,17.3,2025-04-04
1673,Carlos Sánchez,M,41,17.01,2025-03-28
1674,Carlos Ramírez,M,27,14.05,2025-04-10
1675,Juan García,M,39,22.7,2025-04-17
1676,Luis García,M,34,13.3,2025-04-10
1677,Diego Ramírez,M,33,14.95,2025-03-15
1678,Laura Torres,F,38,17.86,2025-03-24
1679,Luis Torres,M,50,20.2,2025-04-18
1680,Pedro Ramírez,M,24,20.38,2025-03-24
1681,Andrés Pérez,M,37,23.47,2025-04-23
1682,Carlos López,M,26,18.37,2025-04-05
1683,Ana Sánchez,F,42,18.89,2025-04-24
1684,Paula López,F,39,13.71,2025-03-25
1685,Andrés García,M,35,23.35,2025-03-27
1686,Luis Torres,M,51,23.94,2025-03-23
1687,Sofía Pérez,F,33,17.83,2025-04-02
1688,Andrés Hernández,M,55,18.76,2025-05-10
1689,Laura González,F,43,18.24,2025-03-13
1690,Luis Torres,M,33,24.93,2025-04-23
1691,Carmen López,F,26,23.07,2025-03-17
1692,Sofía Sánchez,F,22,17.64,2025-05-05
1693,Manuel López,M,35,16.38,2025-03-13
1694,Carmen Ramírez,F,54,14.28,2025-03-16
1695,Sofía Cruz,F,47,21.48,2025-04-21
1696,Elena Cruz,F,37,19.76,2025-04-05
1697,Laura Martínez,F,43,14.51,2025-03-26
1698,Miguel Pérez,M,44,16.98,2025-05-09
1699,Andrés Sánchez,M,40,16.46,2025-04-22
1700,Manuel Cruz,M,36,21.86,2025-05-06
1701,Carlos González,M,34,19.37,2025-04-12
1702,Sofía González,F,44,20.5,2025-05-09
1703,Pedro Pérez,M,25,16.49,2025-05-09
1704,Laura Hernández,F,58,23.06,2025-04-08
1705,Lucía García,F,56,23.22,2025-04-23
1706,Miguel González,M,46,14.25,2025-05-04
1707,Lucía González,F,32,16.83,2025-04-03
1708,Elena Martínez,F,33,21.29,2025-04-11
1709,Ana López,F,22,12.25,2025-04-07
1710,Carlos Hernández,M,51,20.43,2025-05-10
1711,Carlos Sánchez,M,34,21.85,2025-03-24
1712,Pedro Martínez,M,46,13.66,2025-05-02
1713,Andrés Ramírez,M,24,19.39,2025-03-28
1714,Juan García,M,25,16.58,2025-04-12
1715,Clara Torres,F,45,16.44,2025-05-06
1716,Diego García,M,50,23.68,2025-03-24
1717,Sofía Ramírez,F,51,16.23,2025-03-13
1718,Carlos González,M,21,23.92,2025-04-24
1719,Andrés López,M,32,14.08,2025-04-15
1720,Isabel García,F,52,12.58,2025-05-04
1721,Ana Hernández,F,23,13.2,2025-04-04
1722,Paula Torres,F,18,24.33,2025-04-16
1723,Jorge Cruz,M,55,15.74,2025-04-11
1724,María González,F,37,22.94,2025-05-11
1725,Carmen Sánchez,F,36,19.09,2025-05-05
1726,Elena Martínez,F,43,24.02,2025-05-09
1727,Clara Ramírez,F,18,12.53,2025-04-11
1728,Paula Martínez,F,24,18.34,2025-04-02
1729,Juan Pérez,M,25,19.93,2025-03-29
1730,Diego Pérez,M,49,18.75,2025-05-01
1731,Ana Pérez,F,53,17.01,2025-03-24
1732,Miguel Ramírez,M,22,12.83,2025-03-29
1733,Carmen Cruz,F,27,23.95,2025-03-12
1734,Manuel Hernández,M,57,12.49,2025-03-20
1735,Ricardo Ramírez,M,58,20.67,2025-05-03
1736,Diego García,M,51,15.01,2025-03-12
1737,Luis Torres,M,38,19.35,2025-03-25
1738,Carmen Torres,F,28,17.12,2025-04-02
1739,Lucía Cruz,F,42,15.06,2025-04-30
1740,Diego Torres,M,41,20.08,2025-03-13
1741,Elena López,F,34,21.23,2025-04-05
1742,Laura López,F,45,13.73,2025-03-31
1743,Laura Sánchez,F,51,13.74,2025-03-27
1744,Juan González,M,33,16.9,2025-05-04
1745,Manuel Ramírez,M,21,24.42,2025-04-05
1746,Luis Cruz,M,50,12.06,2025-04-16
1747,Clara Ramírez,F,55,14.14,2025-03-27
1748,Sofía López,F,26,12.46,2025-05-05
1749,Andrés González,M,40,12.12,2025-05-08
1750,Sofía Hernández,F,22,17.79,2025-04-14
1751,María López,F,23,18.44,2025-04-02
1752,Jorge Pérez,M,40,23.16,2025-04-30
1753,Andrés Cruz,M,37,16.06,2025-04-25
1754,Sofía Sánchez,F,26,15.53,2025-04-13
1755,Jorge Torres,M,47,23.38,2025-04-23
1756,Carmen Hernández,F,19,15.62,2025-03-27
1757,Diego Cruz,M,52,20.34,2025-04-30
1758,Miguel Pérez,M,23,21.78,2025-04-04
1759,Clara Hernández,F,51,20.1,2025-03-28
1760,Andrés Torres,M,46,16.73,2025-04-13
1761,Carlos Hernández,M,34,15.93,2025-05-04
1762,Manuel Torres,M,39,16.96,2025-03-17
1763,Lucía Pérez,F,29,17.42,2025-04-13
1764,Laura Sánchez,F,21,22.47,2025-04-07
1765,Miguel López,M,39,23.98,2025-03-24
1766,Luis González,M,47,16.75,2025-03-18
1767,Sofía García,F,19,12.28,2025-04-09
1768,Jorge Cruz,M,38,19.06,2025-03-12
1769,Paula Ramírez,F,31,19.72,2025-03-12
1770,Ana González,F,34,12.6,2025-04-09
1771,Diego Cruz,M,50,22.39,2025-04-09
1772,Carmen González,F,18,18.04,2025-03-16
1773,Ana González,F,33,20.03,2025-03-19
1774,Paula Sánchez,F,38,18.33,2025-03-24
1775,Sofía López,F,58,16.2,2025-04-19
1776,Elena López,F,21,13.47,2025-03-22
1777,Ana Ramírez,F,51,17.24,2025-03-28
1778,Sofía Hernández,F,53,16.0,2025-04-19
1779,Carlos Ramírez,M,53,14.47,2025-03-16
1780,Jorge López,M,34,22.42,2025-04-11
1781,Carlos García,M,27,17.15,2025-04-18
1782,Pedro García,M,34,14.82,2025-04-20
1783,Juan Torres,M,25,13.65,2025-03-19
1784,Manuel Torres,M,53,17.45,2025-04-08
1785,Manuel Sánchez,M,18,21.74,2025-04-23
1786,Ricardo Cruz,M,28,23.73,2025-04-13
1787,Clara Pérez,F,49,21.01,2025-04-04
1788,Pedro Cruz,M,48,16.82,2025-03-19
1789,María López,F,40,16.32,2025-03-15
1790,Lucía López,F,57,20.22,2025-04-11
1791,Andrés García,M,39,17.19,2025-05-06
1792,Laura Martínez,F,35,14.63,2025-05-08
1793,Luis Ramírez,M,40,24.65,2025-04-17
1794,Carlos Martínez,M,46,18.1,2025-05-03
1795,Sofía López,F,53,19.98,2025-03-26
1796,Ricardo González,M,23,13.39,2025-04-18
1797,Carmen García,F,33,14.07,2025-03-29
1798,Diego González,M,18,17.68,2025-04-04
1799,Carlos Martínez,M,55,22.79,2025-04-05
1800,Ana Hernández,F,19,21.22,2025-04-12
1801,Carlos Martínez,M,43,21.27,2025-04-01
1802,Ricardo López,M,37,23.49,2025-03-17
1803,Elena López,F,56,19.3,2025-04-26
1804,Clara Martínez,F,57,13.84,2025-04-23
1805,Lucía López,F,19,24.15,2025-04-29
1806,María Pérez,F,32,23.3,2025-03-27
1807,Lucía Pérez,F,37,12.79,2025-05-07
1808,Luis González,M,41,12.9,2025-05-07
1809,Paula Sánchez,F,58,12.21,2025-04-10
1810,Luis Torres,M,53,15.48,2025-03-16
1811,Juan Ramírez,M,47,17.78,2025-04-01
1812,Ricardo Pérez,M,33,23.41,2025-04-18
1813,Jorge Hernández,M,24,12.1,2025-04-26
1814,Juan Sánchez,M,20,17.45,2025-04-23
1815,Miguel Torres,M,33,21.6,2025-04-06
1816,Ricardo Ramírez,M,31,18.77,2025-05-06
1817,Andrés Hernández,M,33,20.06,2025-04-15
1818,Luis Ramírez,M,25,21.59,2025-04-28
1819,Laura López,F,22,22.8,2025-03-21
1820,Manuel Pérez,M,20,19.43,2025-04-08
1821,Clara Martínez,F,54,23.92,2025-05-06
1822,Pedro Pérez,M,28,16.18,2025-04-12
1823,Ana López,F,20,12.05,2025-03-15
1824,Carlos Martínez,M,22,14.81,2025-05-02
1825,Miguel Sánchez,M,53,24.11,2025-03-13
1826,Clara Ramírez,F,18,24.05,2025-05-04
1827,Paula Sánchez,F,56,13.93,2025-03-19
1828,Elena Sánchez,F,43,13.1,2025-04-22
1829,Ricardo García,M,33,17.21,2025-05-06
1830,Sofía Martínez,F,41,17.55,2025-03-21
1831,Miguel Ramírez,M,47,16.97,2025-03-12
1832,Laura Hernández,F,38,16.71,2025-03-18
1833,Elena Cruz,F,50,15.47,2025-04-29
1834,Ricardo Sánchez,M,47,16.84,2025-03-24
1835,Carmen Ramírez,F,55,12.39,2025-03-19
1836,Pedro García,M,39,15.77,2025-04-03
1837,Andrés Cruz,M,24,19.9,2025-03-27
1838,Lucía García,F,40,24.29,2025-04-04
1839,Paula López,F,39,17.75,2025-05-10
1840,Lucía García,F,25,18.95,2025-05-01
1841,Ana González,F,22,21.38,2025-04-25
1842,Jorge Ramírez,M,49,24.26,2025-03-15
1843,Carmen Torres,F,43,15.37,2025-04-09
1844,Isabel González,F,29,18.12,2025-04-23
1845,Ricardo Torres,M,52,12.34,2025-05-10
1846,Carlos González,M,19,21.54,2025-04-05
1847,Ana Torres,F,35,19.9,2025-03-13
1848,Juan Martínez,M,41,23.95,2025-04-01
1849,Carlos García,M,21,19.79,2025-04-29
1850,Miguel González,M,51,17.24,2025-03-26
1851,Andrés Hernández,M,47,22.27,2025-04-06
1852,Luis Sánchez,M,19,18.9,2025-04-07
1853,Clara Hernández,F,25,21.89,2025-04-24
1854,Lucía López,F,35,21.43,2025-04-14
1855,Paula Martínez,F,23,22.29,2025-04-22
1856,Lucía González,F,52,17.91,2025-04-02
1857,Diego González,M,23,20.36,2025-03-21
1858,Carlos Pérez,M,20,19.67,2025-03-16
1859,Miguel López,M,52,17.72,2025-04-17
1860,Manuel Pérez,M,57,14.42,2025-03-29
1861,Elena Hernández,F,24,16.75,2025-05-10
1862,Miguel Ramírez,M,53,21.17,2025-04-25
1863,Miguel López,M,30,13.28,2025-04-15
1864,Clara Torres,F,49,19.63,2025-03-21
1865,Clara Sánchez,F,55,13.77,2025-04-14
1866,Ricardo Martínez,M,44,13.0,2025-03-29
1867,Diego Hernández,M,36,24.35,2025-04-12
1868,Paula García,F,58,15.01,2025-04-07
1869,Jorge López,M,28,18.5,2025-05-01
1870,Andrés Ramírez,M,25,13.48,2025-04-04
1871,Andrés Pérez,M,22,19.01,2025-03-29
1872,Juan Pérez,M,19,12.21,2025-04-25
1873,Clara García,F,22,18.5,2025-04-28
1874,Carlos García,M,25,13.46,2025-04-11
1875,Carlos Torres,M,30,18.84,2025-04-12
1876,Manuel Cruz,M,51,19.42,2025-04-15
1877,Lucía Ramírez,F,37,20.23,2025-04-05
1878,Laura Torres,F,50,15.94,2025-04-21
1879,Diego González,M,35,19.11,2025-04-11
1880,Laura González,F,36,20.24,2025-03-29
1881,Carmen López,F,48,19.38,2025-03-24
1882,Ricardo López,M,20,21.74,2025-03-27
1883,Manuel Cruz,M,51,19.33,2025-05-05
1884,Diego Torres,M,46,14.71,2025-04-22
1885,Carlos Hernández,M,51,13.67,2025-04-06
1886,Carmen Cruz,F,33,13.34,2025-04-01
1887,Diego Torres,M,26,19.37,2025-04-22
1888,Lucía Ramírez,F,30,14.5,2025-03-24
1889,Clara Torres,F,31,22.15,2025-04-11
1890,Juan Hernández,M,58,20.23,2025-05-07
1891,Manuel Cruz,M,31,14.07,2025-05-07
1892,Sofía López,F,40,22.64,2025-04-26
1893,Diego Pérez,M,48,22.91,2025-04-10
1894,Carlos Sánchez,M,57,24.53,2025-04-23
1895,Pedro Torres,M,48,14.12,2025-03-29
1896,Carlos Hernández,M,58,24.88,2025-04-03
1897,Ricardo Cruz,M,23,17.38,2025-04-29
1898,Ana Sánchez,F,39,13.08,2025-03-28
1899,Sofía Martínez,F,31,20.77,2025-05-10
1900,Clara Cruz,F,26,14.14,2025-03-18
1901,Laura Torres,F,53,12.47,2025-04-03
1902,Ana González,F,31,23.46,2025-03-26
1903,Carlos Pérez,M,50,23.87,2025-03-24
1904,Lucía Sánchez,F,31,21.13,2025-04-22
1905,Jorge Torres,M,36,16.94,2025-04-17
1906,Manuel Pérez,M,36,15.07,2025-03-16
1907,Andrés González,M,24,12.48,2025-05-01
1908,Miguel Sánchez,M,23,22.78,2025-03-22
1909,Isabel Hernández,F,35,16.51,2025-03-27
1910,Ana González,F,43,20.6,2025-04-16
1911,Andrés Cruz,M,40,23.99,2025-04-19
1912,Juan Cruz,M,35,22.43,2025-04-16
1913,Andrés Torres,M,26,13.45,2025-05-05
1914,Manuel Hernández,M,20,24.9,2025-05-07
1915,Carmen Cruz,F,25,14.57,2025-05-02
1916,Sofía Martínez,F,55,14.54,2025-04-26
1917,Luis García,M,34,13.62,2025-04-23
1918,Andrés García,M,42,19.36,2025-05-05
1919,Laura González,F,51,16.01,2025-03-27
1920,Paula Martínez,F,58,15.78,2025-04-16
1921,Diego García,M,34,19.28,2025-04-03
1922,Clara Pérez,F,23,17.03,2025-03-25
1923,Carlos Ramírez,M,52,12.9,2025-03-13
1924,Carmen Torres,F,27,23.52,2025-03-26
1925,Sofía Hernández,F,42,13.93,2025-04-19
1926,Luis Hernández,M,20,19.53,2025-05-10
1927,Miguel Ramírez,M,48,24.07,2025-03-29
1928,María Pérez,F,19,13.76,2025-03-29
1929,Elena Hernández,F,29,18.98,2025-04-28
1930,Pedro Hernández,M,22,13.82,2025-04-28
1931,Luis Ramírez,M,40,15.88,2025-05-05
1932,Jorge Cruz,M,30,19.17,2025-03-16
1933,Paula Torres,F,28,16.44,2025-03-27
1934,Pedro Sánchez,M,23,21.62,2025-04-15
1935,Carlos López,M,55,17.13,2025-04-07
1936,Ana Ramírez,F,26,21.01,2025-04-10
1937,Lucía Pérez,F,37,17.54,2025-03-19
1938,Miguel Cruz,M,47,18.73,2025-04-20
1939,Paula Ramírez,F,22,14.35,2025-04-26
1940,Elena Ramírez,F,25,22.37,2025-03-31
1941,Miguel López,M,35,20.93,2025-04-05
1942,Lucía López,F,38,15.87,2025-04-01
1943,Diego Torres,M,42,21.45,2025-05-10
1944,Luis Sánchez,M,18,13.69,2025-04-29
1945,Carmen Ramírez,F,51,14.26,2025-04-09
1946,Miguel Cruz,M,45,23.57,2025-04-29
1947,Paula Martínez,F,44,23.96,2025-03-23
1948,Miguel Ramírez,M,40,15.9,2025-05-06
1949,Ana González,F,50,22.31,2025-04-18
1950,María García,F,40,24.1,2025-04-24
1951,Isabel López,F,21,19.96,2025-03-14
1952,Jorge Martínez,M,54,24.95,2025-03-24
1953,Juan Hernández,M,27,21.08,2025-04-05
1954,Pedro García,M,32,20.42,2025-03-25
1955,Manuel Hernández,M,53,17.12,2025-04-17
1956,María Ramírez,F,39,18.07,2025-04-12
1957,Juan Torres,M,41,15.22,2025-05-06
1958,Miguel Sánchez,M,53,19.63,2025-04-03
1959,Miguel Ramírez,M,25,18.93,2025-03-12
1960,Jorge Cruz,M,19,12.89,2025-05-05
1961,Elena García,F,47,22.35,2025-05-03
1962,Carlos Torres,M,39,18.5,2025-04-04
1963,Jorge Hernández,M,52,23.7,2025-05-05
1964,Clara Torres,F,28,16.84,2025-04-19
1965,Jorge López,M,24,17.77,2025-04-30
1966,Pedro González,M,56,19.24,2025-05-06
1967,Carmen Ramírez,F,32,19.36,2025-05-01
1968,Lucía Pérez,F,39,19.95,2025-04-24
1969,Lucía Sánchez,F,40,17.08,2025-04-04
1970,Carlos Martínez,M,36,20.02,2025-05-09
1971,Juan García,M,18,24.38,2025-04-17
1972,Pedro Sánchez,M,36,18.24,2025-04-13
1973,Isabel Ramírez,F,43,17.6,2025-05-03
1974,Ricardo Sánchez,M,29,17.26,2025-03-19
1975,Laura Cruz,F,29,21.66,2025-03-31
1976,Juan González,M,53,13.24,2025-03-19
1977,Sofía Pérez,F,35,23.66,2025-04-14
1978,Miguel García,M,18,23.37,2025-04-14
1979,Juan Pérez,M,53,13.7,2025-05-06
1980,Pedro Martínez,M,44,18.78,2025-04-16
1981,Clara Torres,F,33,12.53,2025-04-19
1982,Ana López,F,20,24.88,2025-03-14
1983,Elena García,F,47,23.35,2025-05-09
1984,Miguel Ramírez,M,57,13.77,2025-04-18
1985,Pedro García,M,40,20.18,2025-05-04
1986,Andrés Torres,M,54,20.9,2025-04-16
1987,Clara Ramírez,F,29,13.01,2025-03-25
1988,Carlos Sánchez,M,56,23.74,2025-05-09
1989,Clara López,F,58,14.52,2025-03-19
1990,Lucía Hernández,F,46,20.74,2025-04-21
1991,Carlos López,M,31,24.31,2025-04-21
1992,Jorge García,M,47,17.59,2025-04-02
1993,Carlos Sánchez,M,33,23.78,2025-03-16
1994,Ricardo López,M,45,14.65,2025-04-24
1995,Isabel Ramírez,F,25,20.36,2025-05-09
1996,Andrés Cruz,M,30,15.81,2025-04-17
1997,Pedro Ramírez,M,19,24.86,2025-04-21
1998,Clara Ramírez,F,37,15.75,2025-03-29
1999,Sofía Martínez,F,18,21.22,2025-03-25
2000,Clara Martínez,F,21,17.49,2025-04-28
